{
  "QuestID": 32796,
  "Version": 15,
  "FactionGroup": 1,
  "CreatedOn": "2014-11-16T16:24:13.077571Z",
  "UpdatedOn": "2015-08-06T21:17:15.1405818Z",
  "Comment": "",
  "CreatedBy": null,
  "AllowUpdates": false,
  "RecommendedLevel": 91,
  "Frequency": 1,
  "IsStory": true,
  "QuestStart": {
    "ObjectName": "Ga'nar",
    "EntryId": 70941,
    "AdditionalEntryIds": null,
    "ContinentId": 1116,
    "ZoneId": 6720,
    "Position": "6848.437 4544.028 68.0756",
    "TurnInType": 0,
    "IsIndoors": true,
    "MyFaction": 0
  },
  "QuestEnd": {
    "ObjectName": "Durotan",
    "EntryId": 74163,
    "AdditionalEntryIds": null,
    "ContinentId": 1152,
    "ZoneId": 7004,
    "Position": "5637.069 4533.289 118.9298",
    "TurnInType": 0,
    "MyFaction": 1
  },
  "ScriptText": "{\r\n  \"Children\": [],\r\n  \"GroupName\": \"\"\r\n}",
  "ActionOrder": 1,
  "Actions": []
}