{
  "QuestID": 32791,
  "Version": 8,
  "FactionGroup": 1,
  "CreatedOn": "2014-11-14T05:52:50.372Z",
  "UpdatedOn": "2015-08-06T21:15:46.8345591Z",
  "Comment": "",
  "CreatedBy": null,
  "AllowUpdates": false,
  "RecommendedLevel": 91,
  "Frequency": 1,
  "IsStory": true,
  "QuestStart": {
    "ObjectName": "Ga'nar",
    "EntryId": 70909,
    "AdditionalEntryIds": null,
    "ContinentId": 1116,
    "ZoneId": 6720,
    "Position": "7221.951 5617.127 125.7949",
    "TurnInType": 0,
    "IsIndoors": true,
    "MyFaction": 0
  },
  "QuestEnd": {
    "ObjectName": "Ga'nar",
    "EntryId": 74000,
    "AdditionalEntryIds": null,
    "ContinentId": 1116,
    "ZoneId": 6720,
    "Position": "7224.16 5305.034 62.35075",
    "TurnInType": 0,
    "MyFaction": 1
  },
  "UseScript": true,
  "ScriptText": "{\r\n  \"Children\": [\r\n    {\r\n      \"$type\": \"While\",\r\n      \"LoopActions\": {\r\n        \"Children\": [\r\n          {\r\n            \"$type\": \"While\",\r\n            \"LoopActions\": {\r\n              \"Children\": [\r\n                {\r\n                  \"$type\": \"Comment\",\r\n                  \"Text\": \"To Battle Ga'nar!\",\r\n                  \"Color\": \"64, 128, 128\"\r\n                },\r\n                {\r\n                  \"$type\": \"GossipTemplateScriptAction\",\r\n                  \"Template\": {\r\n                    \"$type\": \"GossipInteractionTemplate\",\r\n                    \"TargetObjects\": [\r\n                      {\r\n                        \"Hotspot\": {\r\n                          \"Position\": \"7221.951 5617.127 125.7944\",\r\n                          \"GroundPosition\": \"0 0 0\",\r\n                          \"IsGroundPosition\": false,\r\n                          \"ContinentId\": 1116\r\n                        },\r\n                        \"Name\": \"Ga'nar\",\r\n                        \"EntryId\": 70878\r\n                      }\r\n                    ],\r\n                    \"HotspotsX\": [\r\n                      {\r\n                        \"Position\": \"7224.247 5615.495 125.7951\",\r\n                        \"GroundPosition\": \"0 0 0\",\r\n                        \"IsGroundPosition\": false,\r\n                        \"ContinentId\": 1116\r\n                      }\r\n                    ],\r\n                    \"GossipIndex\": 1,\r\n                    \"Dismount\": false,\r\n                    \"GameObjectiveIndex\": 1,\r\n                    \"RunTime\": 5.0\r\n                  },\r\n                  \"TimeLimit\": 0\r\n                },\r\n                {\r\n                  \"$type\": \"Wait\",\r\n                  \"Delay\": 1.0,\r\n                  \"DelayMax\": 2.0\r\n                }\r\n              ],\r\n              \"IsSpecialElement\": true,\r\n              \"SpecialElementName\": \"Do\",\r\n              \"GroupName\": \"\"\r\n            },\r\n            \"Condition\": {\r\n              \"$type\": \"IsQuestObjectiveComplete\",\r\n              \"QuestId\": 32791,\r\n              \"ObjectiveIndex\": 1\r\n            },\r\n            \"IsNot\": true,\r\n            \"CheckFrequently\": true\r\n          },\r\n          {\r\n            \"$type\": \"While\",\r\n            \"LoopActions\": {\r\n              \"Children\": [\r\n                {\r\n                  \"$type\": \"MoveTo\",\r\n                  \"Hotspot\": {\r\n                    \"Position\": \"7206.384 5353.46 62.33667\",\r\n                    \"GroundPosition\": \"0 0 0\",\r\n                    \"IsGroundPosition\": false,\r\n                    \"ContinentId\": 1116\r\n                  },\r\n                  \"Method\": \"Navi\"\r\n                },\r\n                {\r\n                  \"$type\": \"Comment\",\r\n                  \"Text\": \"Let's Confront Grotan!\",\r\n                  \"Color\": \"64, 128, 128\"\r\n                },\r\n                {\r\n                  \"$type\": \"If\",\r\n                  \"ActionsFalse\": {\r\n                    \"Children\": [],\r\n                    \"IsSpecialElement\": true,\r\n                    \"SpecialElementName\": \"Else\",\r\n                    \"GroupName\": \"\"\r\n                  },\r\n                  \"ActionsTrue\": {\r\n                    \"Children\": [\r\n                      {\r\n                        \"$type\": \"If\",\r\n                        \"ActionsFalse\": {\r\n                          \"Children\": [\r\n                            {\r\n                              \"$type\": \"If\",\r\n                              \"ActionsFalse\": {\r\n                                \"Children\": [\r\n                                  {\r\n                                    \"$type\": \"If\",\r\n                                    \"ActionsFalse\": {\r\n                                      \"Children\": [],\r\n                                      \"IsExtendedInEditor\": false,\r\n                                      \"IsSpecialElement\": true,\r\n                                      \"SpecialElementName\": \"Else\",\r\n                                      \"GroupName\": \"\"\r\n                                    },\r\n                                    \"ActionsTrue\": {\r\n                                      \"Children\": [\r\n                                        {\r\n                                          \"$type\": \"UseItemTemplateScriptAction\",\r\n                                          \"Template\": {\r\n                                            \"$type\": \"UseItemTemplate\",\r\n                                            \"UseMethod\": 0,\r\n                                            \"OverrideCooldown\": 0.0,\r\n                                            \"OverrideCastTime\": 0.0,\r\n                                            \"StayMounted\": false,\r\n                                            \"MinCastRange\": 4.5,\r\n                                            \"DontFilterDeadUnits\": false,\r\n                                            \"UseCount\": 1,\r\n                                            \"TargetUnits\": [],\r\n                                            \"HotspotsX\": [],\r\n                                            \"Blackspots\": [],\r\n                                            \"Item\": [\r\n                                              {\r\n                                                \"Name\": \"Banner of Cooperation\",\r\n                                                \"EntryId\": 64400\r\n                                              }\r\n                                            ],\r\n                                            \"BanTime\": 120.0,\r\n                                            \"BanMobCombatAfterUse\": false,\r\n                                            \"GameObjectiveIndex\": 1,\r\n                                            \"RunTime\": 5.0\r\n                                          },\r\n                                          \"TimeLimit\": 0\r\n                                        },\r\n                                        {\r\n                                          \"$type\": \"Comment\",\r\n                                          \"Text\": \"Using \\\"Banner of Cooperation\\\"\",\r\n                                          \"Color\": \"64, 128, 128\"\r\n                                        }\r\n                                      ],\r\n                                      \"IsSpecialElement\": true,\r\n                                      \"SpecialElementName\": \"Then\",\r\n                                      \"GroupName\": \"\"\r\n                                    },\r\n                                    \"Condition\": {\r\n                                      \"$type\": \"CSharpCondition\",\r\n                                      \"CSharpCode\": \"HasItem(64400) && ItemCooldown(64400) == 0\"\r\n                                    },\r\n                                    \"IsNot\": false\r\n                                  }\r\n                                ],\r\n                                \"IsSpecialElement\": true,\r\n                                \"SpecialElementName\": \"Else\",\r\n                                \"GroupName\": \"\"\r\n                              },\r\n                              \"ActionsTrue\": {\r\n                                \"Children\": [\r\n                                  {\r\n                                    \"$type\": \"Comment\",\r\n                                    \"Text\": \"Using \\\"Standard of Unity\\\"\",\r\n                                    \"Color\": \"64, 128, 128\"\r\n                                  },\r\n                                  {\r\n                                    \"$type\": \"UseItemTemplateScriptAction\",\r\n                                    \"Template\": {\r\n                                      \"$type\": \"UseItemTemplate\",\r\n                                      \"UseMethod\": 0,\r\n                                      \"OverrideCooldown\": 0.0,\r\n                                      \"OverrideCastTime\": 0.0,\r\n                                      \"StayMounted\": false,\r\n                                      \"MinCastRange\": 4.5,\r\n                                      \"DontFilterDeadUnits\": false,\r\n                                      \"UseCount\": 1,\r\n                                      \"TargetUnits\": [],\r\n                                      \"HotspotsX\": [],\r\n                                      \"Blackspots\": [],\r\n                                      \"Item\": [\r\n                                        {\r\n                                          \"Name\": \"Standard of Unity\",\r\n                                          \"EntryId\": 64401\r\n                                        }\r\n                                      ],\r\n                                      \"BanTime\": 120.0,\r\n                                      \"BanMobCombatAfterUse\": false,\r\n                                      \"GameObjectiveIndex\": 1,\r\n                                      \"RunTime\": 5.0\r\n                                    },\r\n                                    \"TimeLimit\": 0\r\n                                  }\r\n                                ],\r\n                                \"IsSpecialElement\": true,\r\n                                \"SpecialElementName\": \"Then\",\r\n                                \"GroupName\": \"\"\r\n                              },\r\n                              \"Condition\": {\r\n                                \"$type\": \"CSharpCondition\",\r\n                                \"CSharpCode\": \"HasItem(64401) && ItemCooldown(64401) == 0\"\r\n                              },\r\n                              \"IsNot\": false\r\n                            }\r\n                          ],\r\n                          \"IsSpecialElement\": true,\r\n                          \"SpecialElementName\": \"Else\",\r\n                          \"GroupName\": \"\"\r\n                        },\r\n                        \"ActionsTrue\": {\r\n                          \"Children\": [\r\n                            {\r\n                              \"$type\": \"Comment\",\r\n                              \"Text\": \"Using \\\"Battle Standard of Coordination\\\"\",\r\n                              \"Color\": \"64, 128, 128\"\r\n                            },\r\n                            {\r\n                              \"$type\": \"UseItemTemplateScriptAction\",\r\n                              \"Template\": {\r\n                                \"$type\": \"UseItemTemplate\",\r\n                                \"UseMethod\": 0,\r\n                                \"OverrideCooldown\": 0.0,\r\n                                \"OverrideCastTime\": 0.0,\r\n                                \"StayMounted\": false,\r\n                                \"MinCastRange\": 4.5,\r\n                                \"DontFilterDeadUnits\": false,\r\n                                \"UseCount\": 1,\r\n                                \"TargetUnits\": [],\r\n                                \"HotspotsX\": [],\r\n                                \"Blackspots\": [],\r\n                                \"Item\": [\r\n                                  {\r\n                                    \"Name\": \"Battle Standard of Coordination\",\r\n                                    \"EntryId\": 64402\r\n                                  }\r\n                                ],\r\n                                \"BanTime\": 120.0,\r\n                                \"BanMobCombatAfterUse\": false,\r\n                                \"GameObjectiveIndex\": 1,\r\n                                \"RunTime\": 5.0\r\n                              },\r\n                              \"TimeLimit\": 0\r\n                            }\r\n                          ],\r\n                          \"IsSpecialElement\": true,\r\n                          \"SpecialElementName\": \"Then\",\r\n                          \"GroupName\": \"\"\r\n                        },\r\n                        \"Condition\": {\r\n                          \"$type\": \"CSharpCondition\",\r\n                          \"CSharpCode\": \"HasItem(64402) && ItemCooldown(64402) == 0\"\r\n                        },\r\n                        \"IsNot\": false\r\n                      }\r\n                    ],\r\n                    \"IsSpecialElement\": true,\r\n                    \"SpecialElementName\": \"Then\",\r\n                    \"GroupName\": \"\"\r\n                  },\r\n                  \"Condition\": {\r\n                    \"$type\": \"CSharpCondition\",\r\n                    \"CSharpCode\": \"Me.Level < 100\"\r\n                  },\r\n                  \"IsNot\": false\r\n                },\r\n                {\r\n                  \"$type\": \"MoveTo\",\r\n                  \"Hotspot\": {\r\n                    \"Position\": \"7202.723 5399.943 63.02171\",\r\n                    \"GroundPosition\": \"0 0 0\",\r\n                    \"IsGroundPosition\": false,\r\n                    \"ContinentId\": 1116\r\n                  },\r\n                  \"Method\": \"Navi\"\r\n                },\r\n                {\r\n                  \"$type\": \"Wait\",\r\n                  \"Delay\": 40.0,\r\n                  \"DelayMax\": 0.0\r\n                },\r\n                {\r\n                  \"$type\": \"FollowTemplateScriptAction\",\r\n                  \"Template\": {\r\n                    \"$type\": \"FollowTemplate\",\r\n                    \"FollowObject\": {\r\n                      \"Hotspot\": {\r\n                        \"Position\": \"7199.44 5403.421 64.33778\",\r\n                        \"GroundPosition\": \"0 0 0\",\r\n                        \"IsGroundPosition\": false,\r\n                        \"ContinentId\": 1116\r\n                      },\r\n                      \"Name\": \"Ga'nar\",\r\n                      \"EntryId\": 70878\r\n                    },\r\n                    \"CustomStopWhenIDAppears\": \"\",\r\n                    \"GameObjectiveIndex\": 1,\r\n                    \"RunTime\": 120.0\r\n                  },\r\n                  \"TimeLimit\": 0\r\n                }\r\n              ],\r\n              \"IsSpecialElement\": true,\r\n              \"SpecialElementName\": \"Do\",\r\n              \"GroupName\": \"\"\r\n            },\r\n            \"Condition\": {\r\n              \"$type\": \"IsQuestObjectiveComplete\",\r\n              \"QuestId\": 32791,\r\n              \"ObjectiveIndex\": 2\r\n            },\r\n            \"IsNot\": true,\r\n            \"CheckFrequently\": true\r\n          },\r\n          {\r\n            \"$type\": \"While\",\r\n            \"LoopActions\": {\r\n              \"Children\": [\r\n                {\r\n                  \"$type\": \"Comment\",\r\n                  \"Text\": \"Hold Out Until Ka'gor's Forces Arrive!\",\r\n                  \"Color\": \"64, 128, 128\"\r\n                },\r\n                {\r\n                  \"$type\": \"FollowTemplateScriptAction\",\r\n                  \"Template\": {\r\n                    \"$type\": \"FollowTemplate\",\r\n                    \"FollowObject\": {\r\n                      \"Hotspot\": {\r\n                        \"Position\": \"7199.44 5403.421 64.33778\",\r\n                        \"GroundPosition\": \"0 0 0\",\r\n                        \"IsGroundPosition\": false,\r\n                        \"ContinentId\": 1116\r\n                      },\r\n                      \"Name\": \"Ga'nar\",\r\n                      \"EntryId\": 70878\r\n                    },\r\n                    \"CustomStopWhenIDAppears\": \"\",\r\n                    \"GameObjectiveIndex\": 1,\r\n                    \"RunTime\": 120.0\r\n                  },\r\n                  \"TimeLimit\": 0\r\n                }\r\n              ],\r\n              \"IsSpecialElement\": true,\r\n              \"SpecialElementName\": \"Do\",\r\n              \"GroupName\": \"\"\r\n            },\r\n            \"Condition\": {\r\n              \"$type\": \"IsQuestObjectiveComplete\",\r\n              \"QuestId\": 32791,\r\n              \"ObjectiveIndex\": 3\r\n            },\r\n            \"IsNot\": true,\r\n            \"CheckFrequently\": true\r\n          },\r\n          {\r\n            \"$type\": \"While\",\r\n            \"LoopActions\": {\r\n              \"Children\": [\r\n                {\r\n                  \"$type\": \"Comment\",\r\n                  \"Text\": \"Almost There! Ligra's Reinforcements Arriving Soon!\",\r\n                  \"Color\": \"64, 128, 128\"\r\n                },\r\n                {\r\n                  \"$type\": \"FollowTemplateScriptAction\",\r\n                  \"Template\": {\r\n                    \"$type\": \"FollowTemplate\",\r\n                    \"FollowObject\": {\r\n                      \"Hotspot\": {\r\n                        \"Position\": \"7199.44 5403.421 64.33778\",\r\n                        \"GroundPosition\": \"0 0 0\",\r\n                        \"IsGroundPosition\": false,\r\n                        \"ContinentId\": 1116\r\n                      },\r\n                      \"Name\": \"Ga'nar\",\r\n                      \"EntryId\": 70878\r\n                    },\r\n                    \"CustomStopWhenIDAppears\": \"\",\r\n                    \"GameObjectiveIndex\": 1,\r\n                    \"RunTime\": 120.0\r\n                  },\r\n                  \"TimeLimit\": 0\r\n                }\r\n              ],\r\n              \"IsSpecialElement\": true,\r\n              \"SpecialElementName\": \"Do\",\r\n              \"GroupName\": \"\"\r\n            },\r\n            \"Condition\": {\r\n              \"$type\": \"IsQuestObjectiveComplete\",\r\n              \"QuestId\": 32791,\r\n              \"ObjectiveIndex\": 4\r\n            },\r\n            \"IsNot\": true,\r\n            \"CheckFrequently\": true\r\n          }\r\n        ],\r\n        \"IsSpecialElement\": true,\r\n        \"SpecialElementName\": \"Do\",\r\n        \"GroupName\": \"\"\r\n      },\r\n      \"Condition\": {\r\n        \"$type\": \"CSharpCondition\",\r\n        \"CSharpCode\": \"!IsQuestInLogAndComplete(32791)\"\r\n      },\r\n      \"IsNot\": false,\r\n      \"CheckFrequently\": true\r\n    }\r\n  ],\r\n  \"GroupName\": \"\"\r\n}",
  "ActionOrder": 1,
  "Actions": []
}