{
  "QuestID": 32804,
  "Version": 4,
  "FactionGroup": 1,
  "CreatedOn": "2014-11-16T16:24:13.0815712Z",
  "UpdatedOn": "2015-08-06T21:16:17.5346054Z",
  "Comment": "",
  "CreatedBy": null,
  "AllowUpdates": false,
  "RecommendedLevel": 91,
  "Frequency": 1,
  "QuestStart": {
    "ObjectName": "Kal'gor the Honorable",
    "EntryId": 74223,
    "AdditionalEntryIds": null,
    "ContinentId": 1116,
    "ZoneId": 6720,
    "Position": "6968.479 4669.311 186.7757",
    "TurnInType": 0,
    "IsIndoors": true,
    "MyFaction": 0
  },
  "ActionOrder": 1,
  "Actions": [
    {
      "$type": "CollectObjectsTemplate",
      "TargetObjects": [
        {
          "Hotspot": {
            "Position": "6796.745 4541.704 67.8729",
            "GroundPosition": "0 0 0",
            "IsGroundPosition": false,
            "ContinentId": 1116
          },
          "Name": "Frostwolf Axe",
          "EntryId": 220622
        },
        {
          "Hotspot": {
            "Position": "6715.491 4740.847 133.8348",
            "GroundPosition": "0 0 0",
            "IsGroundPosition": false,
            "IsIndoors": true,
            "ContinentId": 1116
          },
          "Name": "Frostwolf Collar",
          "EntryId": 220623
        },
        {
          "Hotspot": {
            "Position": "6932.735 4676.146 171.8094",
            "GroundPosition": "0 0 0",
            "IsGroundPosition": false,
            "ContinentId": 1116
          },
          "Name": "Frostwolf Traveler's Pack",
          "EntryId": 220621
        }
      ],
      "HotspotsX": [
        {
          "Position": "6808.169 4534.974 67.58657",
          "GroundPosition": "0 0 0",
          "IsGroundPosition": false,
          "ContinentId": 1116
        },
        {
          "Position": "6717.45 4737.371 133.8311",
          "GroundPosition": "0 0 0",
          "IsGroundPosition": false,
          "IsIndoors": true,
          "ContinentId": 1116
        },
        {
          "Position": "6799.685 4719.326 166.4464",
          "GroundPosition": "0 0 0",
          "IsGroundPosition": false,
          "ContinentId": 1116
        },
        {
          "Position": "6875.993 4673.851 175.2022",
          "GroundPosition": "0 0 0",
          "IsGroundPosition": false,
          "ContinentId": 1116
        },
        {
          "Position": "6888.283 4585.309 186.9756",
          "GroundPosition": "0 0 0",
          "IsGroundPosition": false,
          "ContinentId": 1116
        },
        {
          "Position": "6992.934 4500.069 162.7184",
          "GroundPosition": "0 0 0",
          "IsGroundPosition": false,
          "IsIndoors": true,
          "ContinentId": 1116
        }
      ],
      "Blackspots": [],
      "IsLoot": true,
      "OpeningCast": false,
      "NoMovement": false,
      "GameObjectiveIndex": 1,
      "RunTime": 5.0
    }
  ]
}