{
  "QuestID": 32929,
  "Version": 3,
  "FactionGroup": 1,
  "CreatedOn": "2014-11-16T16:24:13.0945719Z",
  "UpdatedOn": "2015-08-06T21:16:04.4665679Z",
  "Comment": "",
  "CreatedBy": null,
  "AllowUpdates": false,
  "RecommendedLevel": 91,
  "Frequency": 1,
  "QuestStart": {
    "ObjectName": "Ligra the Unyielding",
    "EntryId": 74222,
    "AdditionalEntryIds": null,
    "ContinentId": 1116,
    "ZoneId": 6720,
    "Position": "7226.557 5310.051 62.27344",
    "TurnInType": 0,
    "MyFaction": 1
  },
  "QuestEnd": {
    "ObjectName": "Kal'gor the Honorable",
    "EntryId": 74223,
    "AdditionalEntryIds": null,
    "ContinentId": 1116,
    "ZoneId": 6720,
    "Position": "6968.479 4669.311 186.7763",
    "TurnInType": 0,
    "MyFaction": 1
  },
  "ActionOrder": 1,
  "Actions": [
    {
      "$type": "KillMobsTemplate",
      "TargetObjects": [
        {
          "Hotspot": {
            "Position": "7139.956 5221.617 81.23193",
            "GroundPosition": "0 0 0",
            "IsGroundPosition": false,
            "ContinentId": 1116
          },
          "Name": "Thunderlord Spearhand",
          "EntryId": 71647
        },
        {
          "Hotspot": {
            "Position": "7101.276 5198.392 83.37862",
            "GroundPosition": "0 0 0",
            "IsGroundPosition": false,
            "ContinentId": 1116
          },
          "Name": "Thunderlord Beastmaster",
          "EntryId": 74205
        },
        {
          "Hotspot": {
            "Position": "7125.387 5203.888 81.24371",
            "GroundPosition": "0 0 0",
            "IsGroundPosition": false,
            "ContinentId": 1116
          },
          "Name": "Gronnling Rider",
          "EntryId": 86595
        },
        {
          "Hotspot": {
            "Position": "7058.908 5217.527 80.67341",
            "GroundPosition": "0 0 0",
            "IsGroundPosition": false,
            "ContinentId": 1116
          },
          "Name": "Thunderlord Shaman",
          "EntryId": 78665
        }
      ],
      "HotspotsX": [
        {
          "Position": "7114.602 5203.455 83.92305",
          "GroundPosition": "0 0 0",
          "IsGroundPosition": false,
          "ContinentId": 1116
        },
        {
          "Position": "7058.298 5015.496 125.8132",
          "GroundPosition": "0 0 0",
          "IsGroundPosition": false,
          "ContinentId": 1116
        },
        {
          "Position": "6975.202 4972.46 133.2092",
          "GroundPosition": "0 0 0",
          "IsGroundPosition": false,
          "ContinentId": 1116
        }
      ],
      "Blackspots": [],
      "ForceLoot": false,
      "ForcePullMobs": false,
      "GameObjectiveIndex": 1,
      "RunTime": 5.0
    }
  ]
}