{
  "QuestID": 33145,
  "Version": 6,
  "FactionGroup": 1,
  "CreatedOn": "2015-01-29T08:44:33.8193786Z",
  "UpdatedOn": "2015-08-06T21:43:33.0820409Z",
  "Comment": "",
  "CreatedBy": null,
  "AllowUpdates": false,
  "RecommendedLevel": 92,
  "Frequency": 1,
  "IsTask": true,
  "QuestStart": {
    "ObjectName": "WatchFramePopup",
    "EntryId": 0,
    "AdditionalEntryIds": null,
    "ContinentId": 1116,
    "ZoneId": 6720,
    "Position": "0 0 0",
    "TurnInType": 4,
    "MyFaction": 1
  },
  "ActionOrder": 1,
  "Actions": [
    {
      "$type": "CollectObjectsTemplate",
      "TargetObjects": [
        {
          "Hotspot": {
            "Position": "6318.95 3418.929 144.0892",
            "GroundPosition": "0 0 0",
            "IsGroundPosition": false,
            "ContinentId": 1116
          },
          "Name": "Captured Frost Wolf",
          "EntryId": 73284
        }
      ],
      "HotspotsX": [
        {
          "Position": "6315.872 3420.7 144.2178",
          "GroundPosition": "0 0 0",
          "IsGroundPosition": false,
          "ContinentId": 1116
        },
        {
          "Position": "6268.657 3397.55 146.3427",
          "GroundPosition": "0 0 0",
          "IsGroundPosition": false,
          "ContinentId": 1116
        },
        {
          "Position": "6379.638 3430.179 144.0763",
          "GroundPosition": "0 0 0",
          "IsGroundPosition": false,
          "ContinentId": 1116
        },
        {
          "Position": "6405.309 3439.369 145.9796",
          "GroundPosition": "0 0 0",
          "IsGroundPosition": false,
          "IsIndoors": true,
          "ContinentId": 1116
        },
        {
          "Position": "6322.191 3335.191 163.5431",
          "GroundPosition": "0 0 0",
          "IsGroundPosition": false,
          "ContinentId": 1116
        }
      ],
      "Blackspots": [],
      "IsLoot": true,
      "OpeningCast": true,
      "NoMovement": false,
      "GameObjectiveIndex": 2,
      "RunTime": 5.0
    },
    {
      "$type": "KillMobsTemplate",
      "TargetObjects": [
        {
          "Hotspot": {
            "Position": "6330.568 3463.754 145.3328",
            "GroundPosition": "0 0 0",
            "IsGroundPosition": false,
            "ContinentId": 1116
          },
          "Name": "Grimfrost Wolfslayer",
          "EntryId": 72953
        },
        {
          "Hotspot": {
            "Position": "6316.999 3470.405 145.0007",
            "GroundPosition": "0 0 0",
            "IsGroundPosition": false,
            "ContinentId": 1116
          },
          "Name": "Grimfrost Drudge",
          "EntryId": 72955
        },
        {
          "Hotspot": {
            "Position": "6271.618 3398.817 146.7075",
            "GroundPosition": "0 0 0",
            "IsGroundPosition": false,
            "ContinentId": 1116
          },
          "Name": "Grimfrost Lavaslinger",
          "EntryId": 72987
        }
      ],
      "HotspotsX": [
        {
          "Position": "6382.531 3443.263 144.3854",
          "GroundPosition": "0 0 0",
          "IsGroundPosition": false,
          "ContinentId": 1116
        },
        {
          "Position": "6335.084 3464.297 145.5203",
          "GroundPosition": "0 0 0",
          "IsGroundPosition": false,
          "ContinentId": 1116
        },
        {
          "Position": "6325.986 3346.078 163.5573",
          "GroundPosition": "0 0 0",
          "IsGroundPosition": false,
          "ContinentId": 1116
        }
      ],
      "Blackspots": [],
      "ForceLoot": false,
      "ForcePullMobs": false,
      "GameObjectiveIndex": 1,
      "RunTime": 5.0
    }
  ]
}