{
  "QuestID": 33450,
  "Version": 3,
  "FactionGroup": 1,
  "CreatedOn": "2015-03-13T17:14:22.1680843Z",
  "UpdatedOn": "2015-08-06T21:14:23.8945594Z",
  "Comment": "",
  "CreatedBy": null,
  "AllowUpdates": false,
  "RecommendedLevel": 91,
  "Frequency": 1,
  "QuestStart": {
    "ObjectName": "Igrimar the Resolute",
    "EntryId": 74635,
    "AdditionalEntryIds": null,
    "ContinentId": 1116,
    "ZoneId": 6720,
    "Position": "7117.029 6008.2 133.8589",
    "TurnInType": 0,
    "IsIndoors": true,
    "MyFaction": 0
  },
  "ActionOrder": 1,
  "Actions": [
    {
      "$type": "KillMobsTemplate",
      "TargetObjects": [
        {
          "Hotspot": {
            "Position": "7259.942 5864.626 122.0983",
            "GroundPosition": "0 0 0",
            "IsGroundPosition": false,
            "IsIndoors": true,
            "ContinentId": 1116
          },
          "Name": "Thunk",
          "EntryId": 74704
        }
      ],
      "HotspotsX": [
        {
          "Position": "7250.029 5862.045 122.1476",
          "GroundPosition": "0 0 0",
          "IsGroundPosition": false,
          "IsIndoors": true,
          "ContinentId": 1116
        }
      ],
      "Blackspots": [],
      "ForceLoot": true,
      "ForcePullMobs": false,
      "GameObjectiveIndex": 1,
      "RunTime": 5.0
    },
    {
      "$type": "KillMobsTemplate",
      "TargetObjects": [
        {
          "Hotspot": {
            "Position": "7317.433 5797.162 111.306",
            "GroundPosition": "0 0 0",
            "IsGroundPosition": false,
            "IsIndoors": true,
            "ContinentId": 1116
          },
          "Name": "Gullok",
          "EntryId": 74707
        }
      ],
      "HotspotsX": [
        {
          "Position": "7309.043 5790.606 113.3083",
          "GroundPosition": "0 0 0",
          "IsGroundPosition": false,
          "IsIndoors": true,
          "ContinentId": 1116
        }
      ],
      "Blackspots": [],
      "ForceLoot": true,
      "ForcePullMobs": false,
      "GameObjectiveIndex": 2,
      "RunTime": 5.0
    },
    {
      "$type": "KillMobsTemplate",
      "TargetObjects": [
        {
          "Hotspot": {
            "Position": "7211.317 5760.991 140.266",
            "GroundPosition": "0 0 0",
            "IsGroundPosition": false,
            "IsIndoors": true,
            "ContinentId": 1116
          },
          "Name": "Splorg",
          "EntryId": 74706
        }
      ],
      "HotspotsX": [
        {
          "Position": "7207.114 5772.215 140.2981",
          "GroundPosition": "0 0 0",
          "IsGroundPosition": false,
          "IsIndoors": true,
          "ContinentId": 1116
        }
      ],
      "Blackspots": [],
      "ForceLoot": true,
      "ForcePullMobs": false,
      "GameObjectiveIndex": 3,
      "RunTime": 5.0
    }
  ]
}