{
  "QuestID": 33530,
  "Version": 9,
  "FactionGroup": 1,
  "CreatedOn": "2014-11-24T22:24:20.2007232Z",
  "UpdatedOn": "2015-08-07T11:06:46.7027957Z",
  "Comment": "",
  "CreatedBy": null,
  "AllowUpdates": false,
  "RecommendedLevel": 96,
  "Frequency": 1,
  "QuestStart": {
    "ObjectName": "Yuuri",
    "EntryId": 76790,
    "AdditionalEntryIds": null,
    "ContinentId": 1116,
    "ZoneId": 6662,
    "Position": "1828.885 2213.498 79.53826",
    "TurnInType": 0,
    "IsIndoors": true,
    "MyFaction": 0
  },
  "QuestEnd": {
    "ObjectName": "Lady Liadrin",
    "EntryId": 75121,
    "AdditionalEntryIds": null,
    "ContinentId": 1116,
    "ZoneId": 6662,
    "Position": "1739.441 2524.964 133.6589",
    "TurnInType": 0,
    "MyFaction": 1
  },
  "UseScript": true,
  "ScriptText": "{\r\n  \"Children\": [\r\n    {\r\n      \"$type\": \"While\",\r\n      \"LoopActions\": {\r\n        \"Children\": [\r\n          {\r\n            \"$type\": \"If\",\r\n            \"ActionsFalse\": {\r\n              \"Children\": [],\r\n              \"IsSpecialElement\": true,\r\n              \"SpecialElementName\": \"Else\",\r\n              \"GroupName\": \"\"\r\n            },\r\n            \"ActionsTrue\": {\r\n              \"Children\": [\r\n                {\r\n                  \"$type\": \"MoveTo\",\r\n                  \"Hotspot\": {\r\n                    \"Position\": \"1818.458 2201.789 79.38634\",\r\n                    \"GroundPosition\": \"0 0 0\",\r\n                    \"IsIndoors\": true,\r\n                    \"ContinentId\": 1116\r\n                  },\r\n                  \"Method\": \"Navi\"\r\n                },\r\n                {\r\n                  \"$type\": \"CollectObjectsTemplateScriptAction\",\r\n                  \"Template\": {\r\n                    \"$type\": \"CollectObjectsTemplate\",\r\n                    \"TargetObjects\": [\r\n                      {\r\n                        \"Hotspot\": {\r\n                          \"Position\": \"1800.467 2289.427 76.99591\",\r\n                          \"GroundPosition\": \"0 0 0\",\r\n                          \"IsGroundPosition\": false,\r\n                          \"IsIndoors\": true,\r\n                          \"ContinentId\": 1116\r\n                        },\r\n                        \"Name\": \"Arkonite Crystal\",\r\n                        \"EntryId\": 229422\r\n                      },\r\n                      {\r\n                        \"Hotspot\": {\r\n                          \"Position\": \"1827.576 2292.813 77.2962\",\r\n                          \"GroundPosition\": \"0 0 0\",\r\n                          \"IsGroundPosition\": false,\r\n                          \"IsIndoors\": true,\r\n                          \"ContinentId\": 1116\r\n                        },\r\n                        \"Name\": \"Arkonite Crystal\",\r\n                        \"EntryId\": 229420\r\n                      },\r\n                      {\r\n                        \"Hotspot\": {\r\n                          \"Position\": \"1834.675 2278.38 76.99591\",\r\n                          \"GroundPosition\": \"0 0 0\",\r\n                          \"IsGroundPosition\": false,\r\n                          \"IsIndoors\": true,\r\n                          \"ContinentId\": 1116\r\n                        },\r\n                        \"Name\": \"Arkonite Crystal\",\r\n                        \"EntryId\": 229027\r\n                      },\r\n                      {\r\n                        \"Hotspot\": {\r\n                          \"Position\": \"1867.514 2158.139 78.05013\",\r\n                          \"GroundPosition\": \"0 0 0\",\r\n                          \"IsGroundPosition\": false,\r\n                          \"IsIndoors\": true,\r\n                          \"ContinentId\": 1116\r\n                        },\r\n                        \"Name\": \"Arkonite Crystal\",\r\n                        \"EntryId\": 229419\r\n                      }\r\n                    ],\r\n                    \"HotspotsX\": [],\r\n                    \"Blackspots\": [],\r\n                    \"IsLoot\": true,\r\n                    \"OpeningCast\": false,\r\n                    \"NoMovement\": false,\r\n                    \"GameObjectiveIndex\": 1,\r\n                    \"RunTime\": 5.0\r\n                  },\r\n                  \"TimeLimit\": 0\r\n                },\r\n                {\r\n                  \"$type\": \"MoveTo\",\r\n                  \"Hotspot\": {\r\n                    \"Position\": \"1752.925 2178.714 63.37812\",\r\n                    \"GroundPosition\": \"0 0 0\",\r\n                    \"IsIndoors\": true,\r\n                    \"ContinentId\": 1116\r\n                  },\r\n                  \"Method\": \"Navi\"\r\n                },\r\n                {\r\n                  \"$type\": \"CollectObjectsTemplateScriptAction\",\r\n                  \"Template\": {\r\n                    \"$type\": \"CollectObjectsTemplate\",\r\n                    \"TargetObjects\": [\r\n                      {\r\n                        \"Hotspot\": {\r\n                          \"Position\": \"1800.467 2289.427 76.99591\",\r\n                          \"GroundPosition\": \"0 0 0\",\r\n                          \"IsGroundPosition\": false,\r\n                          \"IsIndoors\": true,\r\n                          \"ContinentId\": 1116\r\n                        },\r\n                        \"Name\": \"Arkonite Crystal\",\r\n                        \"EntryId\": 229422\r\n                      },\r\n                      {\r\n                        \"Hotspot\": {\r\n                          \"Position\": \"1827.576 2292.813 77.2962\",\r\n                          \"GroundPosition\": \"0 0 0\",\r\n                          \"IsGroundPosition\": false,\r\n                          \"IsIndoors\": true,\r\n                          \"ContinentId\": 1116\r\n                        },\r\n                        \"Name\": \"Arkonite Crystal\",\r\n                        \"EntryId\": 229420\r\n                      },\r\n                      {\r\n                        \"Hotspot\": {\r\n                          \"Position\": \"1834.675 2278.38 76.99591\",\r\n                          \"GroundPosition\": \"0 0 0\",\r\n                          \"IsGroundPosition\": false,\r\n                          \"IsIndoors\": true,\r\n                          \"ContinentId\": 1116\r\n                        },\r\n                        \"Name\": \"Arkonite Crystal\",\r\n                        \"EntryId\": 229027\r\n                      },\r\n                      {\r\n                        \"Hotspot\": {\r\n                          \"Position\": \"1867.514 2158.139 78.05013\",\r\n                          \"GroundPosition\": \"0 0 0\",\r\n                          \"IsGroundPosition\": false,\r\n                          \"IsIndoors\": true,\r\n                          \"ContinentId\": 1116\r\n                        },\r\n                        \"Name\": \"Arkonite Crystal\",\r\n                        \"EntryId\": 229419\r\n                      }\r\n                    ],\r\n                    \"HotspotsX\": [],\r\n                    \"Blackspots\": [],\r\n                    \"IsLoot\": true,\r\n                    \"OpeningCast\": false,\r\n                    \"NoMovement\": false,\r\n                    \"GameObjectiveIndex\": 1,\r\n                    \"RunTime\": 5.0\r\n                  },\r\n                  \"TimeLimit\": 0\r\n                }\r\n              ],\r\n              \"IsSpecialElement\": true,\r\n              \"SpecialElementName\": \"Then\",\r\n              \"GroupName\": \"\"\r\n            },\r\n            \"Condition\": {\r\n              \"$type\": \"CSharpCondition\",\r\n              \"CSharpCode\": \"HasQuest(34351) && !IsQuestObjectiveComplete(34351, 1)\"\r\n            },\r\n            \"IsNot\": false\r\n          },\r\n          {\r\n            \"$type\": \"MoveTo\",\r\n            \"Hotspot\": {\r\n              \"Position\": \"1748.517 2160.915 63.37765\",\r\n              \"GroundPosition\": \"0 0 0\",\r\n              \"IsIndoors\": true,\r\n              \"ContinentId\": 1116\r\n            },\r\n            \"Method\": \"Navi\"\r\n          },\r\n          {\r\n            \"$type\": \"CSharpAction\",\r\n            \"CSharpCode\": \"if (HasItem(64402) && ItemCooldown(64402) == 0) {\\r\\n\\tPrint(\\\"Using \\\\\\\"Battle Standard of Coordination\\\\\\\"\\\");\\r\\n        UseItem(64402);\\r\\n}\\r\\nelse if (HasItem(64401) && ItemCooldown(64401) == 0) {\\r\\n        Print(\\\"Using \\\\\\\"Standard of Unity\\\\\\\"\\\");\\r\\n        UseItem(64401);\\r\\n}\\r\\nelse if (HasItem(64400) && ItemCooldown(64400) == 0) {\\r\\n        Print(\\\"Using \\\\\\\"Banner of Cooperation\\\\\\\"\\\");\\r\\n        UseItem(64400);\\r\\n}\\r\\n\"\r\n          },\r\n          {\r\n            \"$type\": \"KillMobsTemplateScriptAction\",\r\n            \"Template\": {\r\n              \"$type\": \"KillMobsTemplate\",\r\n              \"TargetObjects\": [\r\n                {\r\n                  \"Hotspot\": {\r\n                    \"Position\": \"1724.554 2148.795 63.37786\",\r\n                    \"GroundPosition\": \"0 0 0\",\r\n                    \"IsIndoors\": true,\r\n                    \"ContinentId\": 1116\r\n                  },\r\n                  \"Name\": \"Tagar Spinebreaker\",\r\n                  \"EntryId\": 76745\r\n                }\r\n              ],\r\n              \"HotspotsX\": [\r\n                {\r\n                  \"Position\": \"1748.517 2160.915 63.37765\",\r\n                  \"GroundPosition\": \"0 0 0\",\r\n                  \"IsIndoors\": true,\r\n                  \"ContinentId\": 1116\r\n                }\r\n              ],\r\n              \"Blackspots\": [],\r\n              \"ForceLoot\": false,\r\n              \"ForcePullMobs\": false,\r\n              \"GameObjectiveIndex\": 1,\r\n              \"RunTime\": 5.0\r\n            },\r\n            \"TimeLimit\": 0\r\n          }\r\n        ],\r\n        \"IsSpecialElement\": true,\r\n        \"SpecialElementName\": \"Do\",\r\n        \"GroupName\": \"\"\r\n      },\r\n      \"Condition\": {\r\n        \"$type\": \"CSharpCondition\",\r\n        \"CSharpCode\": \"!IsQuestInLogAndComplete(33530) && HasQuest(33530)\"\r\n      },\r\n      \"IsNot\": false\r\n    }\r\n  ],\r\n  \"GroupName\": \"\"\r\n}",
  "ActionOrder": 1,
  "Actions": []
}