{
  "QuestID": 33548,
  "Version": 6,
  "FactionGroup": 1,
  "CreatedOn": "2014-11-17T04:01:59.6493077Z",
  "UpdatedOn": "2015-08-07T09:20:09.4596365Z",
  "Comment": "",
  "CreatedBy": null,
  "AllowUpdates": false,
  "RecommendedLevel": 93,
  "Frequency": 1,
  "IsStory": true,
  "QuestStart": {
    "ObjectName": "Kaz the Shrieker",
    "EntryId": 76987,
    "AdditionalEntryIds": [
      84258
    ],
    "ContinentId": 1116,
    "ZoneId": 6721,
    "Position": "5666.354 1850.714 116.9065",
    "TurnInType": 0,
    "IsIndoors": true,
    "MyFaction": 1
  },
  "QuestEnd": {
    "ObjectName": "Kaz the Shrieker",
    "EntryId": 74606,
    "AdditionalEntryIds": null,
    "ContinentId": 1116,
    "ZoneId": 6721,
    "Position": "5551.05 1677.054 109.6396",
    "TurnInType": 0,
    "MyFaction": 1
  },
  "ActionOrder": 1,
  "Actions": [
    {
      "$type": "CollectObjectsTemplate",
      "TargetObjects": [
        {
          "Hotspot": {
            "Position": "5680.2 1868.905 116.9071",
            "GroundPosition": "0 0 0",
            "IsGroundPosition": false,
            "ContinentId": 1116
          },
          "Name": "Dead Laughing Skull",
          "EntryId": 75164
        }
      ],
      "HotspotsX": [
        {
          "Position": "5680.057 1870.714 116.9112",
          "GroundPosition": "0 0 0",
          "IsGroundPosition": false,
          "ContinentId": 1116
        }
      ],
      "Blackspots": [],
      "IsLoot": true,
      "OpeningCast": false,
      "NoMovement": false,
      "GameObjectiveIndex": 1,
      "RunTime": 5.0
    }
  ]
}