{
  "QuestID": 33578,
  "Version": 3,
  "FactionGroup": 1,
  "CreatedOn": "2014-11-21T16:42:28.0505082Z",
  "UpdatedOn": "2015-08-07T10:58:17.9358076Z",
  "Comment": "",
  "CreatedBy": null,
  "AllowUpdates": false,
  "RecommendedLevel": 95,
  "Frequency": 1,
  "QuestStart": {
    "ObjectName": "Raksi",
    "EntryId": 75311,
    "AdditionalEntryIds": null,
    "ContinentId": 1116,
    "ZoneId": 6662,
    "Position": "2681.8 1198.316 197.4379",
    "TurnInType": 0,
    "IsIndoors": true,
    "MyFaction": 0
  },
  "ActionOrder": 1,
  "Actions": [
    {
      "$type": "KillMobsTemplate",
      "TargetObjects": [
        {
          "Hotspot": {
            "Position": "2631.03 1155.717 198.3568",
            "GroundPosition": "0 0 0",
            "IsGroundPosition": false,
            "ContinentId": 1116
          },
          "Name": "Sun-Sage Kairyx",
          "EntryId": 75302
        }
      ],
      "HotspotsX": [
        {
          "Position": "2641.796 1163.813 201.4211",
          "GroundPosition": "0 0 0",
          "IsGroundPosition": false,
          "ContinentId": 1116
        }
      ],
      "Blackspots": [],
      "ForceLoot": false,
      "ForcePullMobs": false,
      "GameObjectiveIndex": 1,
      "RunTime": 5.0
    }
  ]
}