{
  "QuestID": 33593,
  "Version": 5,
  "FactionGroup": 1,
  "CreatedOn": "2014-11-17T04:10:02.5772841Z",
  "UpdatedOn": "2015-08-07T09:21:28.3078266Z",
  "Comment": "",
  "CreatedBy": null,
  "AllowUpdates": false,
  "RecommendedLevel": 93,
  "Frequency": 1,
  "IsStory": true,
  "QuestStart": {
    "ObjectName": "Durotan",
    "EntryId": 74594,
    "AdditionalEntryIds": null,
    "ContinentId": 1116,
    "ZoneId": 6721,
    "Position": "5552.747 1674.054 109.534",
    "TurnInType": 0,
    "MyFaction": 1
  },
  "ActionOrder": 1,
  "Actions": [
    {
      "$type": "UseItemTemplate",
      "UseMethod": 0,
      "OverrideCooldown": 0.0,
      "OverrideCastTime": 0.0,
      "StayMounted": false,
      "MinCastRange": 4.5,
      "DontFilterDeadUnits": false,
      "UseCount": 1,
      "TargetUnits": [],
      "HotspotsX": [
        {
          "Position": "5552.828 1673.087 109.4637",
          "GroundPosition": "0 0 0",
          "IsGroundPosition": false,
          "ContinentId": 1116
        }
      ],
      "Blackspots": [],
      "Item": [
        {
          "Name": "Penny's Flare Gun",
          "EntryId": 115534
        }
      ],
      "BanTime": 120.0,
      "BanMobCombatAfterUse": false,
      "GameObjectiveIndex": 1,
      "RunTime": 5.0
    }
  ]
}