{
  "QuestID": 33622,
  "Version": 3,
  "FactionGroup": 1,
  "CreatedOn": "2014-11-14T00:21:54.525Z",
  "UpdatedOn": "2015-08-06T21:06:20.8077251Z",
  "Comment": "",
  "CreatedBy": null,
  "AllowUpdates": false,
  "RecommendedLevel": 91,
  "Frequency": 1,
  "IsStory": true,
  "QuestStart": {
    "ObjectName": "Thrall",
    "EntryId": 75186,
    "AdditionalEntryIds": null,
    "ContinentId": 1116,
    "ZoneId": 6720,
    "Position": "6627.966 5665.899 318.8828",
    "TurnInType": 0,
    "IsIndoors": true,
    "MyFaction": 1
  },
  "QuestEnd": {
    "ObjectName": "Durotan",
    "EntryId": 75177,
    "AdditionalEntryIds": null,
    "ContinentId": 1116,
    "ZoneId": 6720,
    "Position": "6822.551 5795.463 325.1678",
    "TurnInType": 0,
    "IsIndoors": true,
    "MyFaction": 1
  },
  "ActionOrder": 1,
  "Actions": [
    {
      "$type": "KillMobsTemplate",
      "TargetObjects": [
        {
          "Hotspot": {
            "Position": "6849.246 5800.346 325.2082",
            "GroundPosition": "0 0 0",
            "IsGroundPosition": false,
            "IsIndoors": true,
            "ContinentId": 1116
          },
          "Name": "Bladespire Stonecaster",
          "EntryId": 73472
        },
        {
          "Hotspot": {
            "Position": "6845.381 5804.444 325.2056",
            "GroundPosition": "0 0 0",
            "IsGroundPosition": false,
            "IsIndoors": true,
            "ContinentId": 1116
          },
          "Name": "Bladespire Mauler",
          "EntryId": 73470
        },
        {
          "Hotspot": {
            "Position": "6766.704 5805.895 325.2153",
            "GroundPosition": "0 0 0",
            "IsGroundPosition": false,
            "IsIndoors": true,
            "ContinentId": 1116
          },
          "Name": "Bladespire Boarbuster",
          "EntryId": 75057
        }
      ],
      "HotspotsX": [
        {
          "Position": "6848.232 5813.039 325.2034",
          "GroundPosition": "0 0 0",
          "IsGroundPosition": false,
          "IsIndoors": true,
          "ContinentId": 1116
        },
        {
          "Position": "6777.478 5837.552 325.2131",
          "GroundPosition": "0 0 0",
          "IsGroundPosition": false,
          "IsIndoors": true,
          "ContinentId": 1116
        },
        {
          "Position": "6782.404 5781.944 325.2131",
          "GroundPosition": "0 0 0",
          "IsGroundPosition": false,
          "IsIndoors": true,
          "ContinentId": 1116
        }
      ],
      "Blackspots": [],
      "ForceLoot": false,
      "ForcePullMobs": false,
      "GameObjectiveIndex": 1,
      "RunTime": 5.0
    }
  ]
}