{
  "QuestID": 33661,
  "Version": 3,
  "FactionGroup": 1,
  "CreatedOn": "2014-11-19T15:42:46.5685963Z",
  "UpdatedOn": "2015-08-07T09:52:56.2490653Z",
  "Comment": "",
  "CreatedBy": null,
  "AllowUpdates": false,
  "RecommendedLevel": 93,
  "Frequency": 1,
  "QuestStart": {
    "ObjectName": "Rakthoth",
    "EntryId": 82222,
    "AdditionalEntryIds": null,
    "ContinentId": 1116,
    "ZoneId": 6721,
    "Position": "6920 791 155.0833",
    "TurnInType": 0,
    "IsIndoors": true,
    "MyFaction": 0
  },
  "QuestEnd": {
    "ObjectName": "Rakthoth",
    "EntryId": 82225,
    "AdditionalEntryIds": null,
    "ContinentId": 1116,
    "ZoneId": 6721,
    "Position": "6768.226 744.2274 189.4315",
    "TurnInType": 0,
    "MyFaction": 1
  },
  "ActionOrder": 1,
  "Actions": [
    {
      "$type": "KillMobsTemplate",
      "TargetObjects": [
        {
          "Hotspot": {
            "Position": "6859.024 792.3211 160.2691",
            "GroundPosition": "0 0 0",
            "IsGroundPosition": false,
            "ContinentId": 1116
          },
          "Name": "Steamscar Warrior",
          "EntryId": 81738
        },
        {
          "Hotspot": {
            "Position": "6782.098 780.4028 184.8682",
            "GroundPosition": "0 0 0",
            "IsGroundPosition": false,
            "ContinentId": 1116
          },
          "Name": "Steamscar Primalist",
          "EntryId": 81747
        }
      ],
      "HotspotsX": [
        {
          "Position": "6863.414 824.6937 145.4622",
          "GroundPosition": "0 0 0",
          "IsGroundPosition": false,
          "ContinentId": 1116
        }
      ],
      "Blackspots": [],
      "ForceLoot": false,
      "ForcePullMobs": false,
      "GameObjectiveIndex": 1,
      "RunTime": 5.0
    }
  ]
}