{
  "QuestID": 33663,
  "Version": 3,
  "FactionGroup": 1,
  "CreatedOn": "2014-11-29T22:06:57.8043561Z",
  "UpdatedOn": "2015-08-07T09:52:41.6329911Z",
  "Comment": "",
  "CreatedBy": null,
  "AllowUpdates": false,
  "RecommendedLevel": 93,
  "Frequency": 1,
  "QuestStart": {
    "ObjectName": "Rakthoth",
    "EntryId": 85089,
    "AdditionalEntryIds": null,
    "ContinentId": 1116,
    "ZoneId": 6721,
    "Position": "6972.672 872.684 93.21854",
    "TurnInType": 0,
    "IsIndoors": true,
    "MyFaction": 0
  },
  "QuestEnd": {
    "ObjectName": "Rakthoth",
    "EntryId": 82222,
    "AdditionalEntryIds": null,
    "ContinentId": 1116,
    "ZoneId": 6721,
    "Position": "6920 791 155.0833",
    "TurnInType": 0,
    "MyFaction": 1
  },
  "ActionOrder": 1,
  "Actions": [
    {
      "$type": "CollectObjectsTemplate",
      "TargetObjects": [
        {
          "Hotspot": {
            "Position": "6937.3 793.9132 149.3734",
            "GroundPosition": "0 0 0",
            "IsGroundPosition": false,
            "ContinentId": 1116
          },
          "Name": "Strong Vine Barricade",
          "EntryId": 235381
        }
      ],
      "HotspotsX": [
        {
          "Position": "6942.251 796.2903 148.1356",
          "GroundPosition": "0 0 0",
          "IsGroundPosition": false,
          "ContinentId": 1116
        }
      ],
      "Blackspots": [],
      "IsLoot": true,
      "OpeningCast": true,
      "NoMovement": false,
      "GameObjectiveIndex": 1,
      "RunTime": 5.0
    },
    {
      "$type": "MoveToTemplate",
      "Hotspots": [
        {
          "Position": "6905.144 795.9291 154.7319",
          "GroundPosition": "0 0 0",
          "UseCTM": true,
          "IsGroundPosition": false,
          "ContinentId": 1116
        }
      ],
      "PreventMounting": false,
      "GameObjectiveIndex": 1,
      "RunTime": 5.0
    }
  ]
}