{
  "QuestID": 33660,
  "Version": 3,
  "FactionGroup": 1,
  "CreatedOn": "2014-11-19T15:42:53.5185268Z",
  "UpdatedOn": "2015-08-07T09:53:05.5375135Z",
  "Comment": "",
  "CreatedBy": null,
  "AllowUpdates": false,
  "RecommendedLevel": 93,
  "Frequency": 1,
  "QuestStart": {
    "ObjectName": "Saberon Stash",
    "EntryId": 234474,
    "AdditionalEntryIds": null,
    "ContinentId": 1116,
    "ZoneId": 6721,
    "Position": "6863.414 824.6937 145.4622",
    "TurnInType": 1,
    "IsIndoors": true,
    "MyFaction": 1
  },
  "QuestEnd": {
    "ObjectName": "Rakthoth",
    "EntryId": 82225,
    "AdditionalEntryIds": null,
    "ContinentId": 1116,
    "ZoneId": 6721,
    "Position": "6768.226 744.2274 189.4315",
    "TurnInType": 0,
    "MyFaction": 1
  },
  "ActionOrder": 1,
  "Actions": [
    {
      "$type": "CollectObjectsTemplate",
      "TargetObjects": [
        {
          "Hotspot": {
            "Position": "6762.784 862.2535 153.1124",
            "GroundPosition": "0 0 0",
            "IsGroundPosition": false,
            "ContinentId": 1116
          },
          "Name": "Saberon Stash",
          "EntryId": 232311
        }
      ],
      "HotspotsX": [
        {
          "Position": "6780.454 852.6968 153.4878",
          "GroundPosition": "0 0 0",
          "IsGroundPosition": false,
          "ContinentId": 1116
        }
      ],
      "Blackspots": [],
      "IsLoot": true,
      "OpeningCast": true,
      "NoMovement": false,
      "GameObjectiveIndex": 1,
      "RunTime": 5.0
    }
  ]
}