{
  "QuestID": 33689,
  "Version": 5,
  "FactionGroup": 1,
  "CreatedOn": "2014-11-19T15:31:44.3009238Z",
  "UpdatedOn": "2015-08-07T09:51:49.7913216Z",
  "Comment": "",
  "CreatedBy": null,
  "AllowUpdates": false,
  "RecommendedLevel": 93,
  "Frequency": 1,
  "QuestStart": {
    "ObjectName": "Rakthoth",
    "EntryId": 81731,
    "AdditionalEntryIds": null,
    "ContinentId": 1116,
    "ZoneId": 6721,
    "Position": "6880.623 1029.911 68.90742",
    "TurnInType": 0,
    "IsIndoors": true,
    "MyFaction": 0
  },
  "QuestEnd": {
    "ObjectName": "Rakthoth",
    "EntryId": 85089,
    "AdditionalEntryIds": null,
    "ContinentId": 1116,
    "ZoneId": 6721,
    "Position": "6972.672 872.684 93.21854",
    "TurnInType": 0,
    "IsIndoors": true,
    "MyFaction": 1
  },
  "ActionOrder": 1,
  "Actions": [
    {
      "$type": "KillMobsTemplate",
      "TargetObjects": [
        {
          "Hotspot": {
            "Position": "6944.832 989.4705 77.85292",
            "GroundPosition": "0 0 0",
            "IsGroundPosition": false,
            "ContinentId": 1116
          },
          "Name": "Primal Growth",
          "EntryId": 81769
        },
        {
          "Hotspot": {
            "Position": "6937.585 1016.95 75.89059",
            "GroundPosition": "0 0 0",
            "IsGroundPosition": false,
            "ContinentId": 1116
          },
          "Name": "Dionor Seedpriest",
          "EntryId": 81721
        }
      ],
      "HotspotsX": [
        {
          "Position": "6965.829 1008.981 76.174",
          "GroundPosition": "0 0 0",
          "IsGroundPosition": false,
          "ContinentId": 1116
        },
        {
          "Position": "7093.185 941.7098 74.70249",
          "GroundPosition": "0 0 0",
          "IsGroundPosition": false,
          "ContinentId": 1116
        }
      ],
      "Blackspots": [],
      "ForceLoot": false,
      "ForcePullMobs": false,
      "GameObjectiveIndex": 1,
      "RunTime": 5.0
    }
  ]
}