{
  "QuestID": 33685,
  "Version": 3,
  "FactionGroup": 1,
  "CreatedOn": "2014-11-19T15:31:49.7522757Z",
  "UpdatedOn": "2015-08-07T09:52:21.6969742Z",
  "Comment": "",
  "CreatedBy": null,
  "AllowUpdates": false,
  "RecommendedLevel": 93,
  "Frequency": 1,
  "QuestStart": {
    "ObjectName": "Rakthoth",
    "EntryId": 81731,
    "AdditionalEntryIds": null,
    "ContinentId": 1116,
    "ZoneId": 6721,
    "Position": "6880.623 1029.911 68.90742",
    "TurnInType": 0,
    "IsIndoors": true,
    "MyFaction": 0
  },
  "QuestEnd": {
    "ObjectName": "Rakthoth",
    "EntryId": 85089,
    "AdditionalEntryIds": null,
    "ContinentId": 1116,
    "ZoneId": 6721,
    "Position": "6972.672 872.684 93.21854",
    "TurnInType": 0,
    "IsIndoors": true,
    "MyFaction": 1
  },
  "ActionOrder": 1,
  "Actions": [
    {
      "$type": "GossipInteractionTemplate",
      "TargetObjects": [
        {
          "Hotspot": {
            "Position": "7000 955 80.08334",
            "GroundPosition": "0 0 0",
            "IsGroundPosition": false,
            "ContinentId": 1116
          },
          "Name": "Birchus",
          "EntryId": 81723
        }
      ],
      "HotspotsX": [
        {
          "Position": "6879.586 1032.914 68.49815",
          "GroundPosition": "0 0 0",
          "IsGroundPosition": false,
          "ContinentId": 1116
        }
      ],
      "GossipIndex": 1,
      "Dismount": false,
      "GameObjectiveIndex": 1,
      "RunTime": 5.0
    }
  ]
}