{
  "QuestID": 33706,
  "Version": 2,
  "FactionGroup": 1,
  "CreatedOn": "2015-06-29T12:40:14.5397291Z",
  "UpdatedOn": "2015-08-07T09:54:05.2493367Z",
  "Comment": "",
  "CreatedBy": null,
  "AllowUpdates": false,
  "QuestStart": {
    "ObjectName": "Birchus",
    "EntryId": 82302,
    "AdditionalEntryIds": null,
    "ContinentId": 1116,
    "ZoneId": 6721,
    "Position": "7000 955 80.08334",
    "TurnInType": 0,
    "IsIndoors": true,
    "MyFaction": 0
  },
  "ActionOrder": 1,
  "Actions": [
    {
      "$type": "WaitTemplate",
      "TimeSeconds": 5.0,
      "GameObjectiveIndex": 1,
      "RunTime": 5.0
    }
  ]
}