{
  "QuestID": 33724,
  "Version": 5,
  "FactionGroup": 1,
  "CreatedOn": "2014-11-21T15:32:35.3137603Z",
  "UpdatedOn": "2015-08-07T10:53:26.9461185Z",
  "Comment": "",
  "CreatedBy": null,
  "AllowUpdates": false,
  "RecommendedLevel": 95,
  "Frequency": 1,
  "QuestStart": {
    "ObjectName": "Gazlowe",
    "EntryId": 75924,
    "AdditionalEntryIds": null,
    "ContinentId": 1116,
    "ZoneId": 6662,
    "Position": "3605.53 2318.646 67.61675",
    "TurnInType": 0,
    "IsIndoors": true,
    "MyFaction": 0
  },
  "QuestEnd": {
    "ObjectName": "Gazlowe",
    "EntryId": 75941,
    "AdditionalEntryIds": null,
    "ContinentId": 1116,
    "ZoneId": 6662,
    "Position": "2793.064 2513.275 121.1406",
    "TurnInType": 0,
    "MyFaction": 1
  },
  "ActionOrder": 1,
  "Actions": [
    {
      "$type": "KillMobsTemplate",
      "TargetObjects": [
        {
          "Hotspot": {
            "Position": "3368.095 2326.994 115.1309",
            "GroundPosition": "0 0 0",
            "IsGroundPosition": false,
            "ContinentId": 1116
          },
          "Name": "Burning Blademaster",
          "EntryId": 75794
        },
        {
          "Hotspot": {
            "Position": "3358.704 2376.652 113.8861",
            "GroundPosition": "0 0 0",
            "IsGroundPosition": false,
            "ContinentId": 1116
          },
          "Name": "Fireblade Invoker",
          "EntryId": 77047
        },
        {
          "Hotspot": {
            "Position": "3342.676 2400.33 114.3728",
            "GroundPosition": "0 0 0",
            "IsGroundPosition": false,
            "ContinentId": 1116
          },
          "Name": "Grom'kar Siegesmith",
          "EntryId": 80552
        }
      ],
      "HotspotsX": [
        {
          "Position": "3360.466 2327.546 114.5157",
          "GroundPosition": "0 0 0",
          "IsGroundPosition": false,
          "ContinentId": 1116
        },
        {
          "Position": "3369.371 2446.714 113.385",
          "GroundPosition": "0 0 0",
          "IsGroundPosition": false,
          "ContinentId": 1116
        },
        {
          "Position": "3378.41 2511.656 113.3696",
          "GroundPosition": "0 0 0",
          "IsGroundPosition": false,
          "ContinentId": 1116
        },
        {
          "Position": "3303.551 2486.313 113.538",
          "GroundPosition": "0 0 0",
          "IsGroundPosition": false,
          "ContinentId": 1116
        }
      ],
      "Blackspots": [],
      "ForceLoot": false,
      "ForcePullMobs": false,
      "GameObjectiveIndex": 1,
      "RunTime": 5.0
    }
  ]
}