{
  "QuestID": 33807,
  "Version": 7,
  "FactionGroup": 1,
  "CreatedOn": "2014-11-15T23:48:51.942Z",
  "UpdatedOn": "2015-09-30T18:30:23.3029231Z",
  "Comment": "",
  "CreatedBy": null,
  "AllowUpdates": false,
  "RecommendedLevel": 91,
  "Frequency": 1,
  "IsStory": true,
  "QuestStart": {
    "ObjectName": "Durotan",
    "EntryId": 79415,
    "AdditionalEntryIds": null,
    "ContinentId": 1116,
    "ZoneId": 6720,
    "Position": "5975.715 6175.813 70.1761",
    "TurnInType": 0,
    "MyFaction": 1
  },
  "QuestEnd": {
    "ObjectName": "Draka",
    "EntryId": 74651,
    "AdditionalEntryIds": null,
    "ContinentId": 1116,
    "ZoneId": 6720,
    "Position": "5913.226 6234.595 51.47712",
    "TurnInType": 0,
    "MyFaction": 1
  },
  "ActionOrder": 1,
  "Actions": [
    {
      "$type": "CollectObjectsTemplate",
      "TargetObjects": [
        {
          "Hotspot": {
            "Position": "5925.637 6186.788 49.16597",
            "GroundPosition": "0 0 0",
            "IsGroundPosition": false,
            "ContinentId": 1116
          },
          "Name": "Wor'gol Villager",
          "EntryId": 74339
        },
        {
          "Hotspot": {
            "Position": "5951.415 6438.055 62.68165",
            "GroundPosition": "0 0 0",
            "IsGroundPosition": false,
            "IsIndoors": true,
            "ContinentId": 1116
          },
          "Name": "Frost Wolf",
          "EntryId": 74544
        }
      ],
      "HotspotsX": [
        {
          "Position": "5892.408 6228.555 49.68481",
          "GroundPosition": "0 0 0",
          "IsGroundPosition": false,
          "ContinentId": 1116
        },
        {
          "Position": "5950.909 6406.196 60.14819",
          "GroundPosition": "0 0 0",
          "IsGroundPosition": false,
          "ContinentId": 1116
        },
        {
          "Position": "5956.473 6273.031 49.16745",
          "GroundPosition": "0 0 0",
          "IsGroundPosition": false,
          "ContinentId": 1116
        },
        {
          "Position": "5952.424 6142.956 73.82013",
          "GroundPosition": "0 0 0",
          "IsGroundPosition": false,
          "ContinentId": 1116
        }
      ],
      "Blackspots": [
        "6071 6189 75 21.5",
        "5979 6262 49 20",
        "6029 6137 75 12.6",
        "5910 6094 74 23.8"
      ],
      "IsLoot": true,
      "OpeningCast": true,
      "NoMovement": false,
      "GameObjectiveIndex": 1,
      "RunTime": 5.0
    }
  ]
}