{
  "QuestID": 33873,
  "Version": 5,
  "FactionGroup": 1,
  "CreatedOn": "2014-11-22T00:36:55.729709Z",
  "UpdatedOn": "2015-08-07T11:00:33.2922978Z",
  "Comment": "",
  "CreatedBy": null,
  "AllowUpdates": false,
  "RecommendedLevel": 95,
  "Frequency": 1,
  "QuestStart": {
    "ObjectName": "Seer Malune",
    "EntryId": 76665,
    "AdditionalEntryIds": null,
    "ContinentId": 1116,
    "ZoneId": 6662,
    "Position": "2412.587 1932.405 128.9921",
    "TurnInType": 0,
    "IsIndoors": true,
    "MyFaction": 0
  },
  "ActionOrder": 1,
  "Actions": [
    {
      "$type": "CollectObjectsTemplate",
      "TargetObjects": [
        {
          "Hotspot": {
            "Position": "2366.281 1841.519 115.9367",
            "GroundPosition": "0 0 0",
            "IsGroundPosition": false,
            "ContinentId": 1116
          },
          "Name": "Aruunem Berry Bush",
          "EntryId": 226888
        }
      ],
      "HotspotsX": [
        {
          "Position": "2366.438 1878.062 118.4215",
          "GroundPosition": "0 0 0",
          "IsGroundPosition": false,
          "ContinentId": 1116
        },
        {
          "Position": "2251.725 1872.281 119.8043",
          "GroundPosition": "0 0 0",
          "IsGroundPosition": false,
          "ContinentId": 1116
        },
        {
          "Position": "2229.382 1744.072 119.1235",
          "GroundPosition": "0 0 0",
          "IsGroundPosition": false,
          "ContinentId": 1116
        }
      ],
      "Blackspots": [
        "2227 1723 118 97.8"
      ],
      "IsLoot": true,
      "OpeningCast": true,
      "NoMovement": false,
      "GameObjectiveIndex": 1,
      "RunTime": 5.0
    }
  ]
}