{
  "QuestID": 33872,
  "Version": 6,
  "FactionGroup": 1,
  "CreatedOn": "2014-11-22T00:37:35.355721Z",
  "UpdatedOn": "2015-08-07T11:00:22.8583125Z",
  "Comment": "",
  "CreatedBy": null,
  "AllowUpdates": false,
  "RecommendedLevel": 95,
  "Frequency": 1,
  "QuestStart": {
    "ObjectName": "Seer Malune",
    "EntryId": 76665,
    "AdditionalEntryIds": null,
    "ContinentId": 1116,
    "ZoneId": 6662,
    "Position": "2412.587 1932.405 128.9921",
    "TurnInType": 0,
    "IsIndoors": true,
    "MyFaction": 0
  },
  "ActionOrder": 1,
  "Actions": [
    {
      "$type": "KillMobsTemplate",
      "TargetObjects": [
        {
          "Hotspot": {
            "Position": "2365.541 1856.239 117.7873",
            "GroundPosition": "0 0 0",
            "IsGroundPosition": false,
            "ContinentId": 1116
          },
          "Name": "Agitated Duskwing",
          "EntryId": 76668
        },
        {
          "Hotspot": {
            "Position": "2389.109 1835.965 117.5659",
            "GroundPosition": "0 0 0",
            "IsGroundPosition": false,
            "ContinentId": 1116
          },
          "Name": "Duskwing Flutterer",
          "EntryId": 77331
        },
        {
          "Hotspot": {
            "Position": "2312.964 1861.403 118.2196",
            "GroundPosition": "0 0 0",
            "IsGroundPosition": false,
            "ContinentId": 1116
          },
          "Name": "Elder Duskwing",
          "EntryId": 77328
        }
      ],
      "HotspotsX": [
        {
          "Position": "2370.421 1871.547 119.1599",
          "GroundPosition": "0 0 0",
          "IsGroundPosition": false,
          "ContinentId": 1116
        },
        {
          "Position": "2345.723 1783.275 119.6541",
          "GroundPosition": "0 0 0",
          "IsGroundPosition": false,
          "ContinentId": 1116
        },
        {
          "Position": "2233.837 1747.39 118.6489",
          "GroundPosition": "0 0 0",
          "IsGroundPosition": false,
          "ContinentId": 1116
        }
      ],
      "Blackspots": [
        "2234 1722 118 73"
      ],
      "ForceLoot": false,
      "ForcePullMobs": false,
      "GameObjectiveIndex": 1,
      "RunTime": 5.0
    }
  ]
}