{
  "QuestID": 33944,
  "Version": 6,
  "FactionGroup": 2,
  "CreatedOn": "2014-12-04T22:51:28.5147298Z",
  "UpdatedOn": "2015-08-07T11:12:14.596659Z",
  "Comment": "",
  "CreatedBy": null,
  "AllowUpdates": false,
  "QuestStart": {
    "ObjectName": "Ricky",
    "EntryId": 226987,
    "AdditionalEntryIds": null,
    "ContinentId": 1116,
    "ZoneId": 6662,
    "Position": "1612.591 3987.682 241.9061",
    "TurnInType": 1,
    "MyFaction": 2
  },
  "QuestEnd": {
    "ObjectName": "Caleb",
    "EntryId": 76826,
    "AdditionalEntryIds": null,
    "ContinentId": 1116,
    "ZoneId": 6662,
    "Position": "1843.387 3674.977 137.6057",
    "TurnInType": 0,
    "MyFaction": 2
  },
  "ActionOrder": 1,
  "Actions": []
}