{
  "QuestID": 33973,
  "Version": 3,
  "FactionGroup": 1,
  "CreatedOn": "2014-11-21T15:56:40.1222747Z",
  "UpdatedOn": "2015-08-07T10:51:19.1661392Z",
  "Comment": "",
  "CreatedBy": null,
  "AllowUpdates": false,
  "RecommendedLevel": 95,
  "Frequency": 1,
  "QuestStart": {
    "ObjectName": "Ahm",
    "EntryId": 77031,
    "AdditionalEntryIds": null,
    "ContinentId": 1116,
    "ZoneId": 6662,
    "Position": "3397.078 2440.462 113.3697",
    "TurnInType": 0,
    "IsIndoors": true,
    "MyFaction": 0
  },
  "ActionOrder": 1,
  "Actions": [
    {
      "$type": "KillMobsTemplate",
      "TargetObjects": [
        {
          "Hotspot": {
            "Position": "3465.265 2425.99 121.0492",
            "GroundPosition": "0 0 0",
            "IsGroundPosition": false,
            "IsIndoors": true,
            "ContinentId": 1116
          },
          "Name": "Blademaster Bralok",
          "EntryId": 76981
        }
      ],
      "HotspotsX": [
        {
          "Position": "3413.764 2448.052 118.3308",
          "GroundPosition": "0 0 0",
          "IsGroundPosition": false,
          "ContinentId": 1116
        }
      ],
      "Blackspots": [],
      "ForceLoot": true,
      "ForcePullMobs": false,
      "GameObjectiveIndex": 1,
      "RunTime": 5.0
    }
  ]
}