{
  "QuestID": 34069,
  "Version": 5,
  "FactionGroup": 1,
  "CreatedOn": "2014-11-16T16:24:13.2835828Z",
  "UpdatedOn": "2015-08-07T08:50:50.3003562Z",
  "Comment": "",
  "CreatedBy": null,
  "AllowUpdates": false,
  "RecommendedLevel": 92,
  "Frequency": 1,
  "QuestStart": {
    "ObjectName": "Barbed Thunderlord Spear",
    "EntryId": 227504,
    "AdditionalEntryIds": null,
    "ContinentId": 1116,
    "ZoneId": 6720,
    "Position": "5619.132 2363.028 193.0209",
    "TurnInType": 1,
    "IsIndoors": true,
    "MyFaction": 0
  },
  "QuestEnd": {
    "ObjectName": "Scout Ruk'Gan",
    "EntryId": 77210,
    "AdditionalEntryIds": null,
    "ContinentId": 1116,
    "ZoneId": 6720,
    "Position": "5431.184 2454.799 171.1533",
    "TurnInType": 0,
    "MyFaction": 1
  },
  "ActionOrder": 1,
  "Actions": [
    {
      "$type": "CollectObjectsTemplate",
      "TargetObjects": [
        {
          "Hotspot": {
            "Position": "5566.548 2227.804 202.9199",
            "GroundPosition": "0 0 0",
            "IsGroundPosition": false,
            "ContinentId": 1116
          },
          "Name": "Barbed Thunderlord Spear",
          "EntryId": 230858
        }
      ],
      "HotspotsX": [
        {
          "Position": "5602.762 2292.651 194.9055",
          "GroundPosition": "0 0 0",
          "IsGroundPosition": false,
          "ContinentId": 1116
        },
        {
          "Position": "5568.397 2228.379 197.0511",
          "GroundPosition": "0 0 0",
          "IsGroundPosition": false,
          "ContinentId": 1116
        },
        {
          "Position": "5490.202 2334.024 152.5876",
          "GroundPosition": "0 0 0",
          "IsGroundPosition": false,
          "ContinentId": 1116
        }
      ],
      "Blackspots": [],
      "IsLoot": true,
      "OpeningCast": false,
      "NoMovement": false,
      "GameObjectiveIndex": 1,
      "RunTime": 5.0
    }
  ]
}