{
  "QuestID": 34066,
  "Version": 4,
  "FactionGroup": 1,
  "CreatedOn": "2014-11-16T16:24:13.2755823Z",
  "UpdatedOn": "2015-08-07T08:50:41.9103368Z",
  "Comment": "",
  "CreatedBy": null,
  "AllowUpdates": false,
  "RecommendedLevel": 92,
  "Frequency": 1,
  "QuestStart": {
    "ObjectName": "Scout Ruk'Gan",
    "EntryId": 77210,
    "AdditionalEntryIds": null,
    "ContinentId": 1116,
    "ZoneId": 6720,
    "Position": "5716.063 2417.931 202.2794",
    "TurnInType": 0,
    "IsIndoors": true,
    "MyFaction": 0
  },
  "QuestEnd": {
    "ObjectName": "Scout Ruk'Gan",
    "EntryId": 77210,
    "AdditionalEntryIds": null,
    "ContinentId": 1116,
    "ZoneId": 6720,
    "Position": "5431.184 2454.799 171.1535",
    "TurnInType": 0,
    "MyFaction": 1
  },
  "ActionOrder": 1,
  "Actions": [
    {
      "$type": "KillMobsTemplate",
      "TargetObjects": [
        {
          "Hotspot": {
            "Position": "5666.784 2421.296 197.3007",
            "GroundPosition": "0 0 0",
            "IsGroundPosition": false,
            "ContinentId": 1116
          },
          "Name": "Iron Thunderguard",
          "EntryId": 77147
        }
      ],
      "HotspotsX": [
        {
          "Position": "5606.82 2362.419 189.6079",
          "GroundPosition": "0 0 0",
          "IsGroundPosition": false,
          "ContinentId": 1116
        },
        {
          "Position": "5490.202 2334.024 152.5876",
          "GroundPosition": "0 0 0",
          "IsGroundPosition": false,
          "ContinentId": 1116
        }
      ],
      "Blackspots": [],
      "ForceLoot": false,
      "ForcePullMobs": false,
      "GameObjectiveIndex": 1,
      "RunTime": 5.0
    }
  ]
}