{
  "QuestID": 34107,
  "Version": 9,
  "FactionGroup": 1,
  "CreatedOn": "2014-12-11T22:26:29.722067Z",
  "UpdatedOn": "2015-08-07T10:50:40.9992124Z",
  "Comment": "",
  "CreatedBy": null,
  "AllowUpdates": false,
  "RecommendedLevel": 95,
  "Frequency": 1,
  "QuestStart": {
    "ObjectName": "Beastmaster Tagh",
    "EntryId": 80833,
    "AdditionalEntryIds": null,
    "ContinentId": 1116,
    "ZoneId": 6662,
    "Position": "3251.15 1610.622 162.3825",
    "TurnInType": 0,
    "MyFaction": 1
  },
  "UseScript": true,
  "ScriptText": "{\r\n  \"Children\": [\r\n    {\r\n      \"$type\": \"While\",\r\n      \"LoopActions\": {\r\n        \"Children\": [\r\n          {\r\n            \"$type\": \"MoveTo\",\r\n            \"Hotspot\": {\r\n              \"Position\": \"1852.804 1902.652 105.8102\",\r\n              \"GroundPosition\": \"0 0 0\",\r\n              \"UseCTM\": true,\r\n              \"IsGroundPosition\": false,\r\n              \"InWater\": true,\r\n              \"ContinentId\": 1116\r\n            }\r\n          },\r\n          {\r\n            \"$type\": \"CSharpAction\",\r\n            \"CSharpCode\": \"Me.ClearFocus();\\r\\n\"\r\n          },\r\n          {\r\n            \"$type\": \"While\",\r\n            \"LoopActions\": {\r\n              \"Children\": [\r\n                {\r\n                  \"$type\": \"Comment\",\r\n                  \"Text\": \"Waiting For Hilaani...\",\r\n                  \"Color\": \"64, 128, 128\"\r\n                },\r\n                {\r\n                  \"$type\": \"CSharpAction\",\r\n                  \"CSharpCode\": \"foreach (UnitObject unit in Units) {\\r\\n\\tif (unit.EntryID == 77431 && !unit.IsDead) {\\r\\n\\t\\tMe.SetFocus(unit);\\r\\n\\t\\tMe.SetTarget(unit);\\r\\n\\t\\tbreak;\\r\\n\\t}\\r\\n}\\r\\n\"\r\n                },\r\n                {\r\n                  \"$type\": \"Wait\",\r\n                  \"Delay\": 2.0,\r\n                  \"DelayMax\": 3.0\r\n                }\r\n              ],\r\n              \"IsSpecialElement\": true,\r\n              \"SpecialElementName\": \"Do\",\r\n              \"GroupName\": \"\"\r\n            },\r\n            \"Condition\": {\r\n              \"$type\": \"CSharpCondition\",\r\n              \"CSharpCode\": \"Me.Focus == null && !IsQuestCompleted(34107)\"\r\n            },\r\n            \"IsNot\": false,\r\n            \"CheckFrequently\": true\r\n          },\r\n          {\r\n            \"$type\": \"Comment\",\r\n            \"Text\": \"Hilaani Found!!!\",\r\n            \"Color\": \"64, 128, 128\"\r\n          },\r\n          {\r\n            \"$type\": \"While\",\r\n            \"LoopActions\": {\r\n              \"Children\": [\r\n                {\r\n                  \"$type\": \"CSharpAction\",\r\n                  \"CSharpCode\": \"DisableCombat = true;\\r\\n\\r\\nwhile(Me.Focus != null && Me.Focus.Distance2D > 10)\\r\\n{\\r\\n\\tMoveTo(Me.Focus.Position);\\r\\n\\tyield return 100;\\r\\n}\\r\\n\\r\\nfor (int i = 0; i < 3; i++) \\r\\n{\\r\\n\\tif (Me.Focus != null)\\r\\n\\t{\\r\\n\\t\\tExecuteLua(\\\"DraenorZoneAbilityFrame:Show(); DraenorZoneAbilityFrame.SpellButton:Click()\\\");\\r\\n\\t\\tyield return 100;\\r\\n\\t\\tClickOnTerrain(Me.Focus.Position);\\r\\n\\t\\tyield return 1500;\\r\\n\\t}\\r\\n}\\r\\n\\r\\nDisableCombat = false;\"\r\n                },\r\n                {\r\n                  \"$type\": \"KillMobsTemplateScriptAction\",\r\n                  \"Template\": {\r\n                    \"$type\": \"KillMobsTemplate\",\r\n                    \"TargetObjects\": [\r\n                      {\r\n                        \"Hotspot\": {\r\n                          \"Position\": \"1830.973 1870.882 101.4277\",\r\n                          \"GroundPosition\": \"0 0 0\",\r\n                          \"IsGroundPosition\": false,\r\n                          \"InWater\": true,\r\n                          \"ContinentId\": 1116\r\n                        },\r\n                        \"Name\": \"Hilaani\",\r\n                        \"EntryId\": 77431\r\n                      }\r\n                    ],\r\n                    \"HotspotsX\": [],\r\n                    \"Blackspots\": [],\r\n                    \"ForceLoot\": false,\r\n                    \"ForcePullMobs\": false,\r\n                    \"GameObjectiveIndex\": 1,\r\n                    \"RunTime\": 5.0\r\n                  },\r\n                  \"TimeLimit\": 0\r\n                }\r\n              ],\r\n              \"IsSpecialElement\": true,\r\n              \"SpecialElementName\": \"Do\",\r\n              \"GroupName\": \"\"\r\n            },\r\n            \"Condition\": {\r\n              \"$type\": \"CSharpCondition\",\r\n              \"CSharpCode\": \"Me.Focus != null && !IsQuestCompleted(34107)\"\r\n            },\r\n            \"IsNot\": false,\r\n            \"CheckFrequently\": true\r\n          }\r\n        ],\r\n        \"IsSpecialElement\": true,\r\n        \"SpecialElementName\": \"Do\",\r\n        \"GroupName\": \"\"\r\n      },\r\n      \"Condition\": {\r\n        \"$type\": \"CSharpCondition\",\r\n        \"CSharpCode\": \"!IsQuestInLogAndComplete(34107)\"\r\n      },\r\n      \"IsNot\": false,\r\n      \"CheckFrequently\": true\r\n    }\r\n  ],\r\n  \"GroupName\": \"\"\r\n}",
  "ActionOrder": 1,
  "Actions": []
}