{
  "QuestID": 34123,
  "Version": 3,
  "FactionGroup": 1,
  "CreatedOn": "2014-11-16T16:24:13.288583Z",
  "UpdatedOn": "2015-08-06T21:42:53.2060695Z",
  "Comment": "",
  "CreatedBy": null,
  "AllowUpdates": false,
  "QuestStart": {
    "ObjectName": "Thrall",
    "EntryId": 76720,
    "AdditionalEntryIds": null,
    "ContinentId": 1116,
    "ZoneId": 6720,
    "Position": "5604.18 3503.138 111.6738",
    "TurnInType": 0,
    "IsIndoors": true,
    "MyFaction": 0
  },
  "QuestEnd": {
    "ObjectName": "Lokra",
    "EntryId": 76487,
    "AdditionalEntryIds": null,
    "ContinentId": 1116,
    "ZoneId": 6720,
    "Position": "5876.698 3016.414 184.9594",
    "TurnInType": 0,
    "MyFaction": 1
  },
  "ActionOrder": 1,
  "Actions": []
}