{
  "QuestID": 34122,
  "Version": 3,
  "FactionGroup": 1,
  "CreatedOn": "2015-03-27T21:55:26.9759892Z",
  "UpdatedOn": "2015-08-07T11:09:47.7988434Z",
  "Comment": "",
  "CreatedBy": null,
  "AllowUpdates": false,
  "RecommendedLevel": 95,
  "Frequency": 1,
  "QuestStart": {
    "ObjectName": "Lady Liadrin",
    "EntryId": 75389,
    "AdditionalEntryIds": null,
    "ContinentId": 1116,
    "ZoneId": 6662,
    "Position": "1398.682 3272.034 133.5558",
    "TurnInType": 0,
    "IsIndoors": true,
    "MyFaction": 0
  },
  "ActionOrder": 1,
  "Actions": [
    {
      "$type": "KillMobsTemplate",
      "TargetObjects": [
        {
          "Hotspot": {
            "Position": "1241.736 3365.341 117.6903",
            "GroundPosition": "0 0 0",
            "IsGroundPosition": false,
            "ContinentId": 1116
          },
          "Name": "Ango'rosh Crusher",
          "EntryId": 77352
        },
        {
          "Hotspot": {
            "Position": "1240.668 3375.962 117.6794",
            "GroundPosition": "0 0 0",
            "IsGroundPosition": false,
            "ContinentId": 1116
          },
          "Name": "Ango'rosh Spellweaver",
          "EntryId": 77351
        },
        {
          "Hotspot": {
            "Position": "1229.528 3327.094 118.1519",
            "GroundPosition": "0 0 0",
            "IsGroundPosition": false,
            "ContinentId": 1116
          },
          "Name": "Ango'rosh Hunter",
          "EntryId": 77402
        }
      ],
      "HotspotsX": [
        {
          "Position": "1276.46 3367.849 122.6242",
          "GroundPosition": "0 0 0",
          "IsGroundPosition": false,
          "ContinentId": 1116
        },
        {
          "Position": "1092.189 3545.341 134.7633",
          "GroundPosition": "0 0 0",
          "IsGroundPosition": false,
          "ContinentId": 1116
        },
        {
          "Position": "589.9369 3716.799 1.135184",
          "GroundPosition": "0 0 0",
          "IsGroundPosition": false,
          "ContinentId": 1116
        },
        {
          "Position": "605.084 3643.207 7.456476",
          "GroundPosition": "0 0 0",
          "IsGroundPosition": false,
          "ContinentId": 1116
        }
      ],
      "Blackspots": [],
      "ForceLoot": false,
      "ForcePullMobs": false,
      "GameObjectiveIndex": 1,
      "RunTime": 5.0
    }
  ]
}