{
  "QuestID": 34144,
  "Version": 7,
  "FactionGroup": 1,
  "CreatedOn": "2014-11-25T16:26:42.9467342Z",
  "UpdatedOn": "2015-08-07T11:10:16.4768189Z",
  "Comment": "",
  "CreatedBy": null,
  "AllowUpdates": false,
  "RecommendedLevel": 96,
  "Frequency": 1,
  "QuestStart": {
    "ObjectName": "Lady Liadrin",
    "EntryId": 75389,
    "AdditionalEntryIds": null,
    "ContinentId": 1116,
    "ZoneId": 6662,
    "Position": "1398.682 3272.034 133.5558",
    "TurnInType": 0,
    "IsIndoors": true,
    "MyFaction": 0
  },
  "QuestEnd": {
    "ObjectName": "Lady Liadrin",
    "EntryId": 77580,
    "AdditionalEntryIds": null,
    "ContinentId": 1116,
    "ZoneId": 6662,
    "Position": "1469.575 3108.475 93.5532",
    "TurnInType": 0,
    "MyFaction": 1
  },
  "ActionOrder": 1,
  "Actions": [
    {
      "$type": "KillMobsTemplate",
      "TargetObjects": [
        {
          "Hotspot": {
            "Position": "1567.004 3792.148 187.8467",
            "GroundPosition": "0 0 0",
            "IsGroundPosition": false,
            "ContinentId": 1116
          },
          "Name": "Gorebound Legionnaire",
          "EntryId": 77490
        },
        {
          "Hotspot": {
            "Position": "1529.215 3763.759 176.3734",
            "GroundPosition": "0 0 0",
            "IsGroundPosition": false,
            "ContinentId": 1116
          },
          "Name": "Shadowborne Dementor",
          "EntryId": 79187
        },
        {
          "Hotspot": {
            "Position": "1510.176 3783.641 177.2485",
            "GroundPosition": "0 0 0",
            "IsGroundPosition": false,
            "ContinentId": 1116
          },
          "Name": "Felwrought Annihilator",
          "EntryId": 77528
        },
        {
          "Hotspot": {
            "Position": "1500.717 3758.197 176.7895",
            "GroundPosition": "0 0 0",
            "IsGroundPosition": false,
            "ContinentId": 1116
          },
          "Name": "Gorebound Demonguard",
          "EntryId": 77541
        },
        {
          "Hotspot": {
            "Position": "1430.056 3658.625 160.7673",
            "GroundPosition": "0 0 0",
            "IsGroundPosition": false,
            "ContinentId": 1116
          },
          "Name": "Gorebound Beast-Tamer",
          "EntryId": 88961
        },
        {
          "Hotspot": {
            "Position": "1463.258 3784.314 176.0344",
            "GroundPosition": "0 0 0",
            "IsGroundPosition": false,
            "ContinentId": 1116
          },
          "Name": "Eye of Gul'dan",
          "EntryId": 77563
        }
      ],
      "HotspotsX": [
        {
          "Position": "1556.361 3796.423 190.2104",
          "GroundPosition": "0 0 0",
          "IsGroundPosition": false,
          "ContinentId": 1116
        }
      ],
      "Blackspots": [],
      "ForceLoot": false,
      "ForcePullMobs": false,
      "GameObjectiveIndex": 1,
      "RunTime": 5.0
    }
  ]
}