{
  "QuestID": 34209,
  "Version": 2,
  "FactionGroup": 1,
  "CreatedOn": "2015-06-29T12:40:15.3177736Z",
  "UpdatedOn": "2015-08-07T09:57:50.0352931Z",
  "Comment": "",
  "CreatedBy": null,
  "AllowUpdates": false,
  "QuestStart": {
    "ObjectName": "Cordana Felsong",
    "EntryId": 79252,
    "AdditionalEntryIds": null,
    "ContinentId": 1116,
    "ZoneId": 7004,
    "Position": "5643.34 4537.859 118.9032",
    "TurnInType": 0,
    "MyFaction": 1
  },
  "QuestEnd": {
    "ObjectName": "Cordana Felsong",
    "EntryId": 72814,
    "AdditionalEntryIds": null,
    "ContinentId": 1116,
    "ZoneId": 6720,
    "Position": "7612.442 5582.679 121.9576",
    "TurnInType": 0,
    "MyFaction": 1
  },
  "ActionOrder": 1,
  "Actions": []
}