{
  "QuestID": 34229,
  "Version": 4,
  "FactionGroup": 1,
  "CreatedOn": "2015-03-06T06:20:15.2700043Z",
  "UpdatedOn": "2015-08-07T09:58:59.2332729Z",
  "Comment": "",
  "CreatedBy": null,
  "AllowUpdates": false,
  "RecommendedLevel": 94,
  "Frequency": 1,
  "IsStory": true,
  "QuestStart": {
    "ObjectName": "Farseer Urquan",
    "EntryId": 72837,
    "AdditionalEntryIds": null,
    "ContinentId": 1116,
    "ZoneId": 6720,
    "Position": "7795.19 5565.038 111.4856",
    "TurnInType": 0,
    "MyFaction": 1
  },
  "ActionOrder": 1,
  "Actions": [
    {
      "$type": "MoveToTemplate",
      "Hotspots": [
        {
          "Position": "7455.35 5728.505 74.65775",
          "GroundPosition": "0 0 0",
          "IsGroundPosition": false,
          "IsIndoors": true,
          "ContinentId": 1116
        }
      ],
      "PreventMounting": false,
      "GameObjectiveIndex": 1,
      "RunTime": 5.0
    },
    {
      "$type": "WaitTemplate",
      "TimeSeconds": 2.0,
      "GameObjectiveIndex": 1,
      "RunTime": 5.0
    },
    {
      "$type": "LuaTemplate",
      "RunAsMacro": true,
      "Text": "/target Shui Halad",
      "GameObjectiveIndex": 1,
      "RunTime": 5.0
    },
    {
      "$type": "LuaTemplate",
      "RunAsMacro": true,
      "Text": "/use Garrison Ability",
      "GameObjectiveIndex": 1,
      "RunTime": 5.0
    },
    {
      "$type": "KillMobsTemplate",
      "TargetObjects": [
        {
          "Hotspot": {
            "Position": "7437.55 5712.673 74.98865",
            "GroundPosition": "0 0 0",
            "IsGroundPosition": false,
            "IsIndoors": true,
            "ContinentId": 1116
          },
          "Name": "Shui Halad",
          "EntryId": 70844
        }
      ],
      "HotspotsX": [
        {
          "Position": "7459.547 5730.211 75.18179",
          "GroundPosition": "0 0 0",
          "IsGroundPosition": false,
          "IsIndoors": true,
          "ContinentId": 1116
        }
      ],
      "Blackspots": [],
      "ForceLoot": false,
      "ForcePullMobs": false,
      "GameObjectiveIndex": 1,
      "RunTime": 5.0
    }
  ]
}