{
  "QuestID": 34234,
  "Version": 5,
  "FactionGroup": 1,
  "CreatedOn": "2014-11-25T15:54:54.5200398Z",
  "UpdatedOn": "2015-08-07T11:08:43.796639Z",
  "Comment": "",
  "CreatedBy": null,
  "AllowUpdates": false,
  "RecommendedLevel": 96,
  "Frequency": 1,
  "QuestStart": {
    "ObjectName": "Vindicator Kaluud",
    "EntryId": 78082,
    "AdditionalEntryIds": null,
    "ContinentId": 1116,
    "ZoneId": 6662,
    "Position": "958.0851 2828.872 137.0378",
    "TurnInType": 0,
    "IsIndoors": true,
    "MyFaction": 0
  },
  "ActionOrder": 1,
  "Actions": [
    {
      "$type": "KillMobsTemplate",
      "TargetObjects": [
        {
          "Hotspot": {
            "Position": "890.8038 2873.318 146.1189",
            "GroundPosition": "0 0 0",
            "IsGroundPosition": false,
            "ContinentId": 1116
          },
          "Name": "Depraved Hunter",
          "EntryId": 77026
        },
        {
          "Hotspot": {
            "Position": "880.9739 2898.493 146.0771",
            "GroundPosition": "0 0 0",
            "IsGroundPosition": false,
            "ContinentId": 1116
          },
          "Name": "Demon Conjurer",
          "EntryId": 77901
        },
        {
          "Hotspot": {
            "Position": "803.9827 2916.69 151.7096",
            "GroundPosition": "0 0 0",
            "IsGroundPosition": false,
            "ContinentId": 1116
          },
          "Name": "Fervid Adherent",
          "EntryId": 77022
        },
        {
          "Hotspot": {
            "Position": "796.8333 2918.375 153.8225",
            "GroundPosition": "0 0 0",
            "IsGroundPosition": false,
            "ContinentId": 1116
          },
          "Name": "Shadowborne Reverend",
          "EntryId": 77426
        },
        {
          "Hotspot": {
            "Position": "820.2618 2951.414 150.3143",
            "GroundPosition": "0 0 0",
            "IsGroundPosition": false,
            "ContinentId": 1116
          },
          "Name": "Vicious Felhunter",
          "EntryId": 84095
        },
        {
          "Hotspot": {
            "Position": "874.7764 2944.322 150.4899",
            "GroundPosition": "0 0 0",
            "IsGroundPosition": false,
            "ContinentId": 1116
          },
          "Name": "Vicious Voidwalker",
          "EntryId": 84099
        },
        {
          "Hotspot": {
            "Position": "884.1115 2909.475 146.0768",
            "GroundPosition": "0 0 0",
            "IsGroundPosition": false,
            "ContinentId": 1116
          },
          "Name": "Vicious Observer",
          "EntryId": 84096
        }
      ],
      "HotspotsX": [
        {
          "Position": "916.6246 2886.644 146.0861",
          "GroundPosition": "0 0 0",
          "IsGroundPosition": false,
          "ContinentId": 1116
        }
      ],
      "Blackspots": [],
      "ForceLoot": false,
      "ForcePullMobs": false,
      "GameObjectiveIndex": 1,
      "RunTime": 5.0
    }
  ]
}