{
  "QuestID": 34291,
  "Version": 3,
  "FactionGroup": 1,
  "CreatedOn": "2015-03-06T08:50:32.1461057Z",
  "UpdatedOn": "2015-08-07T10:01:31.853684Z",
  "Comment": "",
  "CreatedBy": null,
  "AllowUpdates": false,
  "RecommendedLevel": 94,
  "Frequency": 1,
  "IsStory": true,
  "QuestStart": {
    "ObjectName": "Archmage Khadgar",
    "EntryId": 72874,
    "AdditionalEntryIds": null,
    "ContinentId": 1116,
    "ZoneId": 6720,
    "Position": "7790.766 5566.143 111.3001",
    "TurnInType": 0,
    "MyFaction": 1
  },
  "QuestEnd": {
    "ObjectName": "Image of Archmage Khadgar",
    "EntryId": 73480,
    "AdditionalEntryIds": null,
    "ContinentId": 1116,
    "ZoneId": 6720,
    "Position": "7677.913 6164.166 57.47933",
    "TurnInType": 0,
    "MyFaction": 1
  },
  "ActionOrder": 1,
  "Actions": [
    {
      "$type": "KillMobsTemplate",
      "TargetObjects": [
        {
          "Hotspot": {
            "Position": "7788.926 6144.539 74.95293",
            "GroundPosition": "0 0 0",
            "IsGroundPosition": false,
            "ContinentId": 1116
          },
          "Name": "Fernus",
          "EntryId": 73492
        }
      ],
      "HotspotsX": [
        {
          "Position": "7758.338 6130.816 74.626",
          "GroundPosition": "0 0 0",
          "IsGroundPosition": false,
          "ContinentId": 1116
        }
      ],
      "Blackspots": [],
      "ForceLoot": true,
      "ForcePullMobs": false,
      "GameObjectiveIndex": 1,
      "RunTime": 5.0
    }
  ]
}