{
  "QuestID": 34346,
  "Version": 4,
  "FactionGroup": 1,
  "CreatedOn": "2014-11-16T16:24:13.2965835Z",
  "UpdatedOn": "2015-08-06T21:35:36.3017995Z",
  "Comment": "",
  "CreatedBy": null,
  "AllowUpdates": false,
  "RecommendedLevel": 92,
  "Frequency": 1,
  "QuestStart": {
    "ObjectName": "Shadow Hunter Mala",
    "EntryId": 78209,
    "AdditionalEntryIds": null,
    "ContinentId": 1116,
    "ZoneId": 6720,
    "Position": "6627.025 4295.588 87.27623",
    "TurnInType": 0,
    "IsIndoors": true,
    "MyFaction": 0
  },
  "ActionOrder": 1,
  "Actions": [
    {
      "$type": "KillMobsTemplate",
      "TargetObjects": [
        {
          "Hotspot": {
            "Position": "6627.697 4177.217 92.12841",
            "GroundPosition": "0 0 0",
            "IsGroundPosition": false,
            "ContinentId": 1116
          },
          "Name": "Ice Fury",
          "EntryId": 78214
        }
      ],
      "HotspotsX": [
        {
          "Position": "6587.035 4191.178 92.12767",
          "GroundPosition": "0 0 0",
          "IsGroundPosition": false,
          "ContinentId": 1116
        },
        {
          "Position": "6930.382 4094.522 92.12234",
          "GroundPosition": "0 0 0",
          "IsGroundPosition": false,
          "ContinentId": 1116
        },
        {
          "Position": "6937.461 3851.604 92.1282",
          "GroundPosition": "0 0 0",
          "IsGroundPosition": false,
          "ContinentId": 1116
        }
      ],
      "Blackspots": [],
      "ForceLoot": true,
      "ForcePullMobs": false,
      "GameObjectiveIndex": 1,
      "RunTime": 5.0
    }
  ]
}