{
  "QuestID": 34393,
  "Version": 34,
  "FactionGroup": 1,
  "CreatedOn": "2014-10-22T11:50:56.5665709Z",
  "UpdatedOn": "2015-08-06T19:13:43.2853187Z",
  "Comment": "",
  "CreatedBy": null,
  "AllowUpdates": false,
  "RecommendedLevel": 90,
  "Frequency": 1,
  "IsStory": true,
  "QuestStart": {
    "ObjectName": "Archmage Khadgar",
    "EntryId": 78558,
    "AdditionalEntryIds": null,
    "ContinentId": 1265,
    "ZoneId": 7025,
    "Position": "4066.427 -2372.571 94.60048",
    "TurnInType": 0,
    "MyFaction": 1
  },
  "UseScript": true,
  "ScriptText": "{\r\n  \"Children\": [\r\n    {\r\n      \"$type\": \"Comment\",\r\n      \"Text\": \"Mesh Missing so Manually Directing Player\",\r\n      \"Color\": \"64, 128, 128\"\r\n    },\r\n    {\r\n      \"$type\": \"If\",\r\n      \"ActionsFalse\": {\r\n        \"Children\": [],\r\n        \"IsSpecialElement\": true,\r\n        \"SpecialElementName\": \"Else\",\r\n        \"GroupName\": \"\"\r\n      },\r\n      \"ActionsTrue\": {\r\n        \"Children\": [\r\n          {\r\n            \"$type\": \"MoveTo\",\r\n            \"Hotspot\": {\r\n              \"Position\": \"4101.617 -2424.398 93.59073\",\r\n              \"GroundPosition\": \"0 0 0\",\r\n              \"IsGroundPosition\": false,\r\n              \"ContinentId\": 1265\r\n            },\r\n            \"Method\": \"Navi\"\r\n          },\r\n          {\r\n            \"$type\": \"MoveTo\",\r\n            \"Hotspot\": {\r\n              \"Position\": \"4115.284 -2403.841 88.89409\",\r\n              \"GroundPosition\": \"4115.284 -2403.841 88.9833\",\r\n              \"IsGroundPosition\": false,\r\n              \"ContinentId\": 1265\r\n            },\r\n            \"Method\": \"Navi\"\r\n          },\r\n          {\r\n            \"$type\": \"MoveTo\",\r\n            \"Hotspot\": {\r\n              \"Position\": \"4121.402 -2376.106 78.83703\",\r\n              \"GroundPosition\": \"4121.402 -2376.106 79.0833\",\r\n              \"UseCTM\": true,\r\n              \"IsGroundPosition\": false,\r\n              \"ContinentId\": 1265\r\n            }\r\n          },\r\n          {\r\n            \"$type\": \"MoveTo\",\r\n            \"Hotspot\": {\r\n              \"Position\": \"4098.266 -2376.529 79.64384\",\r\n              \"GroundPosition\": \"4098.266 -2376.529 79.6816\",\r\n              \"UseCTM\": true,\r\n              \"IsGroundPosition\": false,\r\n              \"IsIndoors\": true,\r\n              \"ContinentId\": 1265\r\n            }\r\n          },\r\n          {\r\n            \"$type\": \"Wait\",\r\n            \"Delay\": 4.0,\r\n            \"DelayMax\": 5.0\r\n          }\r\n        ],\r\n        \"IsSpecialElement\": true,\r\n        \"SpecialElementName\": \"Then\",\r\n        \"GroupName\": \"\"\r\n      },\r\n      \"Conditions\": [\r\n        {\r\n          \"Condition\": {\r\n            \"$type\": \"IsQuestObjectiveComplete\",\r\n            \"QuestId\": 34393,\r\n            \"ObjectiveIndex\": 1\r\n          },\r\n          \"IsNot\": false\r\n        },\r\n        {\r\n          \"Condition\": null,\r\n          \"IsNot\": false\r\n        },\r\n        {\r\n          \"Condition\": null,\r\n          \"IsNot\": false\r\n        },\r\n        {\r\n          \"Condition\": null,\r\n          \"IsNot\": false\r\n        }\r\n      ],\r\n      \"IsNot\": true\r\n    },\r\n    {\r\n      \"$type\": \"If\",\r\n      \"ActionsFalse\": {\r\n        \"Children\": [],\r\n        \"IsSpecialElement\": true,\r\n        \"SpecialElementName\": \"Else\",\r\n        \"GroupName\": \"\"\r\n      },\r\n      \"ActionsTrue\": {\r\n        \"Children\": [\r\n          {\r\n            \"$type\": \"MoveTo\",\r\n            \"Hotspot\": {\r\n              \"Position\": \"4063.069 -2376.711 74.98994\",\r\n              \"GroundPosition\": \"0 0 0\",\r\n              \"UseCTM\": true,\r\n              \"IsGroundPosition\": false,\r\n              \"IsIndoors\": true,\r\n              \"ContinentId\": 1265\r\n            }\r\n          },\r\n          {\r\n            \"$type\": \"MoveTo\",\r\n            \"Hotspot\": {\r\n              \"Position\": \"4092.04 -2397.304 69.52814\",\r\n              \"GroundPosition\": \"0 0 0\",\r\n              \"UseCTM\": true,\r\n              \"IsGroundPosition\": false,\r\n              \"IsIndoors\": true,\r\n              \"ContinentId\": 1265\r\n            }\r\n          },\r\n          {\r\n            \"$type\": \"MoveTo\",\r\n            \"Hotspot\": {\r\n              \"Position\": \"4096.918 -2402.594 70.11754\",\r\n              \"GroundPosition\": \"0 0 0\",\r\n              \"UseCTM\": true,\r\n              \"IsIndoors\": true,\r\n              \"ContinentId\": 1265\r\n            }\r\n          },\r\n          {\r\n            \"$type\": \"Wait\",\r\n            \"Delay\": 1.0,\r\n            \"DelayMax\": 0.0\r\n          },\r\n          {\r\n            \"$type\": \"While\",\r\n            \"LoopActions\": {\r\n              \"Children\": [\r\n                {\r\n                  \"$type\": \"Interact\",\r\n                  \"Target\": {\r\n                    \"Name\": \"Mark of the Burning Blade\",\r\n                    \"EntryId\": 229598\r\n                  },\r\n                  \"NumOfTimes\": 1\r\n                },\r\n                {\r\n                  \"$type\": \"Wait\",\r\n                  \"Delay\": 2.0,\r\n                  \"DelayMax\": 3.0\r\n                }\r\n              ],\r\n              \"IsSpecialElement\": true,\r\n              \"SpecialElementName\": \"Do\",\r\n              \"GroupName\": \"\"\r\n            },\r\n            \"Conditions\": [\r\n              {\r\n                \"Condition\": {\r\n                  \"$type\": \"CSharpCondition\",\r\n                  \"CSharpCode\": \"!IsQuestObjectiveComplete(34393,2)\"\r\n                },\r\n                \"IsNot\": false\r\n              },\r\n              {\r\n                \"Condition\": null,\r\n                \"IsNot\": false\r\n              },\r\n              {\r\n                \"Condition\": null,\r\n                \"IsNot\": false\r\n              },\r\n              {\r\n                \"Condition\": null,\r\n                \"IsNot\": false\r\n              }\r\n            ],\r\n            \"IsNot\": false\r\n          }\r\n        ],\r\n        \"IsSpecialElement\": true,\r\n        \"SpecialElementName\": \"Then\",\r\n        \"GroupName\": \"\"\r\n      },\r\n      \"Conditions\": [\r\n        {\r\n          \"Condition\": {\r\n            \"$type\": \"IsQuestObjectiveComplete\",\r\n            \"QuestId\": 34393,\r\n            \"ObjectiveIndex\": 2\r\n          },\r\n          \"IsNot\": false\r\n        },\r\n        {\r\n          \"Condition\": null,\r\n          \"IsNot\": false\r\n        },\r\n        {\r\n          \"Condition\": null,\r\n          \"IsNot\": false\r\n        },\r\n        {\r\n          \"Condition\": null,\r\n          \"IsNot\": false\r\n        }\r\n      ],\r\n      \"IsNot\": true\r\n    },\r\n    {\r\n      \"$type\": \"MoveTo\",\r\n      \"Hotspot\": {\r\n        \"Position\": \"4081.89 -2419.062 69.53561\",\r\n        \"GroundPosition\": \"4081.89 -2419.062 69.82496\",\r\n        \"UseCTM\": true,\r\n        \"IsGroundPosition\": false,\r\n        \"IsIndoors\": true,\r\n        \"ContinentId\": 1265\r\n      }\r\n    },\r\n    {\r\n      \"$type\": \"MoveTo\",\r\n      \"Hotspot\": {\r\n        \"Position\": \"4067.978 -2431.788 69.82249\",\r\n        \"GroundPosition\": \"0 0 0\",\r\n        \"UseCTM\": true,\r\n        \"IsGroundPosition\": false,\r\n        \"IsIndoors\": true,\r\n        \"ContinentId\": 1265\r\n      }\r\n    },\r\n    {\r\n      \"$type\": \"MoveTo\",\r\n      \"Hotspot\": {\r\n        \"Position\": \"4068.27 -2432.718 70.11655\",\r\n        \"GroundPosition\": \"0 0 0\",\r\n        \"UseCTM\": true,\r\n        \"IsIndoors\": true,\r\n        \"ContinentId\": 1265\r\n      }\r\n    },\r\n    {\r\n      \"$type\": \"Wait\",\r\n      \"Delay\": 1.0,\r\n      \"DelayMax\": 0.0\r\n    },\r\n    {\r\n      \"$type\": \"While\",\r\n      \"LoopActions\": {\r\n        \"Children\": [\r\n          {\r\n            \"$type\": \"Interact\",\r\n            \"Target\": {\r\n              \"Name\": \"Mark of the Shattered Hand\",\r\n              \"EntryId\": 229599\r\n            },\r\n            \"NumOfTimes\": 0\r\n          },\r\n          {\r\n            \"$type\": \"Wait\",\r\n            \"Delay\": 2.0,\r\n            \"DelayMax\": 3.0\r\n          }\r\n        ],\r\n        \"IsSpecialElement\": true,\r\n        \"SpecialElementName\": \"Do\",\r\n        \"GroupName\": \"\"\r\n      },\r\n      \"Conditions\": [\r\n        {\r\n          \"Condition\": {\r\n            \"$type\": \"CSharpCondition\",\r\n            \"CSharpCode\": \"!IsQuestObjectiveComplete(34393,3)\"\r\n          },\r\n          \"IsNot\": false\r\n        },\r\n        {\r\n          \"Condition\": null,\r\n          \"IsNot\": false\r\n        },\r\n        {\r\n          \"Condition\": null,\r\n          \"IsNot\": false\r\n        },\r\n        {\r\n          \"Condition\": null,\r\n          \"IsNot\": false\r\n        }\r\n      ],\r\n      \"IsNot\": false\r\n    },\r\n    {\r\n      \"$type\": \"MoveTo\",\r\n      \"Hotspot\": {\r\n        \"Position\": \"4051.267 -2418.432 69.53731\",\r\n        \"GroundPosition\": \"0 0 0\",\r\n        \"UseCTM\": true,\r\n        \"IsGroundPosition\": false,\r\n        \"IsIndoors\": true,\r\n        \"ContinentId\": 1265\r\n      }\r\n    },\r\n    {\r\n      \"$type\": \"MoveTo\",\r\n      \"Hotspot\": {\r\n        \"Position\": \"4037.077 -2404.086 70.12621\",\r\n        \"GroundPosition\": \"0 0 0\",\r\n        \"UseCTM\": true,\r\n        \"IsGroundPosition\": false,\r\n        \"IsIndoors\": true,\r\n        \"ContinentId\": 1265\r\n      }\r\n    },\r\n    {\r\n      \"$type\": \"MoveTo\",\r\n      \"Hotspot\": {\r\n        \"Position\": \"4036.493 -2404.563 70.31864\",\r\n        \"GroundPosition\": \"0 0 0\",\r\n        \"UseCTM\": true,\r\n        \"IsIndoors\": true,\r\n        \"ContinentId\": 1265\r\n      }\r\n    },\r\n    {\r\n      \"$type\": \"Wait\",\r\n      \"Delay\": 1.0,\r\n      \"DelayMax\": 0.0\r\n    },\r\n    {\r\n      \"$type\": \"While\",\r\n      \"LoopActions\": {\r\n        \"Children\": [\r\n          {\r\n            \"$type\": \"Interact\",\r\n            \"Target\": {\r\n              \"Name\": \"Mark of the Blackrock\",\r\n              \"EntryId\": 229600\r\n            },\r\n            \"NumOfTimes\": 0\r\n          },\r\n          {\r\n            \"$type\": \"Wait\",\r\n            \"Delay\": 2.0,\r\n            \"DelayMax\": 3.0\r\n          }\r\n        ],\r\n        \"IsSpecialElement\": true,\r\n        \"SpecialElementName\": \"Do\",\r\n        \"GroupName\": \"\"\r\n      },\r\n      \"Conditions\": [\r\n        {\r\n          \"Condition\": {\r\n            \"$type\": \"CSharpCondition\",\r\n            \"CSharpCode\": \"!IsQuestObjectiveComplete(34393,4)\"\r\n          },\r\n          \"IsNot\": false\r\n        },\r\n        {\r\n          \"Condition\": null,\r\n          \"IsNot\": false\r\n        },\r\n        {\r\n          \"Condition\": null,\r\n          \"IsNot\": false\r\n        },\r\n        {\r\n          \"Condition\": null,\r\n          \"IsNot\": false\r\n        }\r\n      ],\r\n      \"IsNot\": false\r\n    },\r\n    {\r\n      \"$type\": \"MoveTo\",\r\n      \"Hotspot\": {\r\n        \"Position\": \"4050.976 -2387.785 69.53813\",\r\n        \"GroundPosition\": \"0 0 0\",\r\n        \"UseCTM\": true,\r\n        \"IsGroundPosition\": false,\r\n        \"IsIndoors\": true,\r\n        \"ContinentId\": 1265\r\n      }\r\n    },\r\n    {\r\n      \"$type\": \"MoveTo\",\r\n      \"Hotspot\": {\r\n        \"Position\": \"4065.775 -2385.659 74.9896\",\r\n        \"GroundPosition\": \"0 0 0\",\r\n        \"UseCTM\": true,\r\n        \"IsGroundPosition\": false,\r\n        \"IsIndoors\": true,\r\n        \"ContinentId\": 1265\r\n      }\r\n    },\r\n    {\r\n      \"$type\": \"MoveTo\",\r\n      \"Hotspot\": {\r\n        \"Position\": \"4066.535 -2399.168 77.76821\",\r\n        \"GroundPosition\": \"0 0 0\",\r\n        \"UseCTM\": true,\r\n        \"IsGroundPosition\": false,\r\n        \"IsIndoors\": true,\r\n        \"ContinentId\": 1265\r\n      }\r\n    },\r\n    {\r\n      \"$type\": \"While\",\r\n      \"LoopActions\": {\r\n        \"Children\": [\r\n          {\r\n            \"$type\": \"Interact\",\r\n            \"Target\": {\r\n              \"Name\": \"Stasis Rune\",\r\n              \"EntryId\": 233104\r\n            },\r\n            \"NumOfTimes\": 0\r\n          },\r\n          {\r\n            \"$type\": \"Wait\",\r\n            \"Delay\": 2.0,\r\n            \"DelayMax\": 3.0\r\n          }\r\n        ],\r\n        \"IsSpecialElement\": true,\r\n        \"SpecialElementName\": \"Do\",\r\n        \"GroupName\": \"\"\r\n      },\r\n      \"Conditions\": [\r\n        {\r\n          \"Condition\": {\r\n            \"$type\": \"CSharpCondition\",\r\n            \"CSharpCode\": \"!IsQuestObjectiveComplete(34393,5)\"\r\n          },\r\n          \"IsNot\": false\r\n        },\r\n        {\r\n          \"Condition\": null,\r\n          \"IsNot\": false\r\n        },\r\n        {\r\n          \"Condition\": null,\r\n          \"IsNot\": false\r\n        },\r\n        {\r\n          \"Condition\": null,\r\n          \"IsNot\": false\r\n        }\r\n      ],\r\n      \"IsNot\": false\r\n    },\r\n    {\r\n      \"$type\": \"MoveTo\",\r\n      \"Hotspot\": {\r\n        \"Position\": \"4068.79 -2377.066 74.99109\",\r\n        \"GroundPosition\": \"0 0 0\",\r\n        \"UseCTM\": true,\r\n        \"IsGroundPosition\": false,\r\n        \"IsIndoors\": true,\r\n        \"ContinentId\": 1265\r\n      }\r\n    },\r\n    {\r\n      \"$type\": \"MoveTo\",\r\n      \"Hotspot\": {\r\n        \"Position\": \"4098.35 -2376.346 79.64422\",\r\n        \"GroundPosition\": \"0 0 0\",\r\n        \"UseCTM\": true,\r\n        \"IsGroundPosition\": false,\r\n        \"IsIndoors\": true,\r\n        \"ContinentId\": 1265\r\n      }\r\n    },\r\n    {\r\n      \"$type\": \"MoveTo\",\r\n      \"Hotspot\": {\r\n        \"Position\": \"4120.4 -2377.117 78.83725\",\r\n        \"GroundPosition\": \"0 0 0\",\r\n        \"UseCTM\": true,\r\n        \"IsGroundPosition\": false,\r\n        \"ContinentId\": 1265\r\n      }\r\n    },\r\n    {\r\n      \"$type\": \"Wait\",\r\n      \"Delay\": 1.0,\r\n      \"DelayMax\": 0.0\r\n    }\r\n  ],\r\n  \"GroupName\": \"\"\r\n}",
  "ActionOrder": 1,
  "Actions": []
}