{
  "QuestID": 34401,
  "Version": 5,
  "FactionGroup": 1,
  "CreatedOn": "2014-11-25T17:10:57.5708438Z",
  "UpdatedOn": "2015-08-07T11:12:58.2449368Z",
  "Comment": "",
  "CreatedBy": null,
  "AllowUpdates": false,
  "RecommendedLevel": 96,
  "Frequency": 1,
  "QuestStart": {
    "ObjectName": "Manduil Skycaller",
    "EntryId": 78515,
    "AdditionalEntryIds": null,
    "ContinentId": 1116,
    "ZoneId": 6662,
    "Position": "2421.392 2753.984 115.188",
    "TurnInType": 0,
    "IsIndoors": true,
    "MyFaction": 0
  },
  "ActionOrder": 1,
  "Actions": [
    {
      "$type": "KillMobsTemplate",
      "TargetObjects": [
        {
          "Hotspot": {
            "Position": "2403.978 2730.621 105.5242",
            "GroundPosition": "0 0 0",
            "IsGroundPosition": false,
            "IsIndoors": true,
            "ContinentId": 1116
          },
          "Name": "Arcane Wraith",
          "EntryId": 78326
        },
        {
          "Hotspot": {
            "Position": "2394.818 2708.729 100.7542",
            "GroundPosition": "0 0 0",
            "IsGroundPosition": false,
            "IsIndoors": true,
            "ContinentId": 1116
          },
          "Name": "Crystal Rager",
          "EntryId": 78327
        },
        {
          "Hotspot": {
            "Position": "2427.715 2740.906 90.36626",
            "GroundPosition": "0 0 0",
            "IsGroundPosition": false,
            "IsIndoors": true,
            "ContinentId": 1116
          },
          "Name": "Arcane Wraith",
          "EntryId": 78451
        },
        {
          "Hotspot": {
            "Position": "2428.394 2680.827 91.3393",
            "GroundPosition": "0 0 0",
            "IsGroundPosition": false,
            "IsIndoors": true,
            "ContinentId": 1116
          },
          "Name": "Crystal Rager",
          "EntryId": 78452
        }
      ],
      "HotspotsX": [
        {
          "Position": "2412.829 2743.724 114.809",
          "GroundPosition": "0 0 0",
          "IsGroundPosition": false,
          "IsIndoors": true,
          "ContinentId": 1116
        },
        {
          "Position": "2422.818 2719.828 90.42194",
          "GroundPosition": "0 0 0",
          "IsGroundPosition": false,
          "IsIndoors": true,
          "ContinentId": 1116
        }
      ],
      "Blackspots": [],
      "ForceLoot": true,
      "ForcePullMobs": false,
      "GameObjectiveIndex": 1,
      "RunTime": 5.0
    }
  ]
}