{
  "QuestID": 34404,
  "Version": 5,
  "FactionGroup": 1,
  "CreatedOn": "2014-11-25T17:10:52.3219438Z",
  "UpdatedOn": "2015-08-07T11:13:07.1387395Z",
  "Comment": "",
  "CreatedBy": null,
  "AllowUpdates": false,
  "RecommendedLevel": 96,
  "Frequency": 1,
  "QuestStart": {
    "ObjectName": "Manduil Skycaller",
    "EntryId": 78515,
    "AdditionalEntryIds": null,
    "ContinentId": 1116,
    "ZoneId": 6662,
    "Position": "2421.392 2753.984 115.188",
    "TurnInType": 0,
    "IsIndoors": true,
    "MyFaction": 0
  },
  "ActionOrder": 1,
  "Actions": [
    {
      "$type": "CollectObjectsTemplate",
      "TargetObjects": [
        {
          "Hotspot": {
            "Position": "2396.103 2698.782 87.33103",
            "GroundPosition": "0 0 0",
            "IsGroundPosition": false,
            "IsIndoors": true,
            "ContinentId": 1116
          },
          "Name": "Jorune Crystals",
          "EntryId": 229152
        },
        {
          "Hotspot": {
            "Position": "2454.184 2764.448 91.92053",
            "GroundPosition": "0 0 0",
            "IsGroundPosition": false,
            "IsIndoors": true,
            "ContinentId": 1116
          },
          "Name": "Arcane Crystals",
          "EntryId": 229165
        },
        {
          "Hotspot": {
            "Position": "2426.736 2744.911 89.98232",
            "GroundPosition": "0 0 0",
            "IsGroundPosition": false,
            "IsIndoors": true,
            "ContinentId": 1116
          },
          "Name": "Jorune Crystals",
          "EntryId": 229160
        }
      ],
      "HotspotsX": [
        {
          "Position": "2398.974 2702.044 87.56837",
          "GroundPosition": "0 0 0",
          "IsGroundPosition": false,
          "IsIndoors": true,
          "ContinentId": 1116
        }
      ],
      "Blackspots": [],
      "IsLoot": true,
      "OpeningCast": false,
      "NoMovement": false,
      "GameObjectiveIndex": 1,
      "RunTime": 5.0
    }
  ]
}