{
  "QuestID": 34425,
  "Version": 5,
  "FactionGroup": 1,
  "CreatedOn": "2014-10-31T08:44:01.9249088Z",
  "UpdatedOn": "2015-08-06T19:17:14.1775339Z",
  "Comment": "",
  "CreatedBy": null,
  "AllowUpdates": false,
  "RecommendedLevel": 90,
  "Frequency": 1,
  "IsStory": true,
  "QuestStart": {
    "ObjectName": "Archmage Khadgar",
    "EntryId": 78560,
    "AdditionalEntryIds": null,
    "ContinentId": 1265,
    "ZoneId": 7025,
    "Position": "4191.499 -2786.998 26.74758",
    "TurnInType": 0,
    "MyFaction": 1
  },
  "QuestEnd": {
    "ObjectName": "Archmage Khadgar",
    "EntryId": 78560,
    "AdditionalEntryIds": null,
    "ContinentId": 1265,
    "ZoneId": 7025,
    "Position": "4229.732 -2812.947 17.11976",
    "TurnInType": 0,
    "MyFaction": 1
  },
  "ActionOrder": 1,
  "Actions": [
    {
      "$type": "FollowTemplate",
      "FollowObject": {
        "Hotspot": {
          "Position": "4191.499 -2786.998 26.74758",
          "GroundPosition": "0 0 0",
          "IsGroundPosition": false,
          "ContinentId": 1265
        },
        "Name": "Archmage Khadgar",
        "EntryId": 78560
      },
      "CustomStopWhenIDAppears": "",
      "GameObjectiveIndex": 1,
      "RunTime": 120.0
    }
  ]
}