{
  "QuestID": 34429,
  "Version": 27,
  "FactionGroup": 1,
  "CreatedOn": "2014-10-31T08:59:05.1721942Z",
  "UpdatedOn": "2015-08-06T19:17:36.7414582Z",
  "Comment": "",
  "CreatedBy": null,
  "AllowUpdates": false,
  "RecommendedLevel": 90,
  "Frequency": 1,
  "IsStory": true,
  "QuestStart": {
    "ObjectName": "Archmage Khadgar",
    "EntryId": 78560,
    "AdditionalEntryIds": null,
    "ContinentId": 1265,
    "ZoneId": 7025,
    "Position": "4229.738 -2812.96 17.11905",
    "TurnInType": 0,
    "MyFaction": 1
  },
  "QuestEnd": {
    "ObjectName": "Archmage Khadgar",
    "EntryId": 78561,
    "AdditionalEntryIds": null,
    "ContinentId": 1265,
    "ZoneId": 7025,
    "Position": "4510.708 -2635.453 1.666061",
    "TurnInType": 0,
    "IsIndoors": true,
    "MyFaction": 1
  },
  "ScriptText": "{\r\n  \"Children\": [\r\n    {\r\n      \"$type\": \"Comment\",\r\n      \"Text\": \"Custom Script Written For Complex Quest \\\"Kill Your Hundred\\\"\",\r\n      \"Color\": \"64, 128, 128\"\r\n    },\r\n    {\r\n      \"$type\": \"QuestBlock\",\r\n      \"QuestId\": 34429,\r\n      \"ObjectiveIndex\": 0,\r\n      \"Children\": [\r\n        {\r\n          \"$type\": \"If\",\r\n          \"ActionsFalse\": {\r\n            \"Children\": [\r\n              {\r\n                \"$type\": \"Comment\",\r\n                \"Text\": \"TEST COMMENT\",\r\n                \"Color\": \"Red\"\r\n              },\r\n              {\r\n                \"$type\": \"MoveTo\",\r\n                \"Hotspot\": {\r\n                  \"Position\": \"4391.071 -2828.506 5.102295\",\r\n                  \"GroundPosition\": \"4391.071 -2828.506 5.020213\",\r\n                  \"IsGroundPosition\": false,\r\n                  \"ContinentId\": 1265\r\n                },\r\n                \"Method\": \"Navi\"\r\n              }\r\n            ],\r\n            \"IsSpecialElement\": true,\r\n            \"SpecialElementName\": \"Else\",\r\n            \"GroupName\": \"\"\r\n          },\r\n          \"ActionsTrue\": {\r\n            \"Children\": [\r\n              {\r\n                \"$type\": \"If\",\r\n                \"ActionsFalse\": {\r\n                  \"Children\": [\r\n                    {\r\n                      \"$type\": \"KillMobsTemplateScriptAction\",\r\n                      \"Template\": {\r\n                        \"$type\": \"KillMobsTemplate\",\r\n                        \"TargetObjects\": [\r\n                          {\r\n                            \"Hotspot\": {\r\n                              \"Position\": \"4394.348 -2826.861 5.090473\",\r\n                              \"GroundPosition\": \"0 0 0\",\r\n                              \"IsGroundPosition\": false,\r\n                              \"ContinentId\": 1265\r\n                            },\r\n                            \"Name\": \"Shattered Hand Brawler\",\r\n                            \"EntryId\": 83539\r\n                          }\r\n                        ],\r\n                        \"HotspotsX\": [\r\n                          {\r\n                            \"Position\": \"4394.843 -2822.404 4.943686\",\r\n                            \"GroundPosition\": \"0 0 0\",\r\n                            \"IsGroundPosition\": false,\r\n                            \"ContinentId\": 1265\r\n                          },\r\n                          {\r\n                            \"Position\": \"4408.718 -2807.219 4.722292\",\r\n                            \"GroundPosition\": \"0 0 0\",\r\n                            \"IsGroundPosition\": false,\r\n                            \"ContinentId\": 1265\r\n                          },\r\n                          {\r\n                            \"Position\": \"4419.148 -2824.944 4.71408\",\r\n                            \"GroundPosition\": \"0 0 0\",\r\n                            \"IsGroundPosition\": false,\r\n                            \"ContinentId\": 1265\r\n                          }\r\n                        ],\r\n                        \"Blackspots\": [],\r\n                        \"ForceLoot\": false,\r\n                        \"ForcePullMobs\": false,\r\n                        \"GameObjectiveIndex\": 1,\r\n                        \"RunTime\": 5.0\r\n                      },\r\n                      \"TimeLimit\": 0\r\n                    }\r\n                  ],\r\n                  \"IsSpecialElement\": true,\r\n                  \"SpecialElementName\": \"Else\",\r\n                  \"GroupName\": \"\"\r\n                },\r\n                \"ActionsTrue\": {\r\n                  \"Children\": [\r\n                    {\r\n                      \"$type\": \"If\",\r\n                      \"ActionsFalse\": {\r\n                        \"Children\": [\r\n                          {\r\n                            \"$type\": \"MoveTo\",\r\n                            \"Hotspot\": {\r\n                              \"Position\": \"4404.634 -2824.716 4.947578\",\r\n                              \"GroundPosition\": \"0 0 0\",\r\n                              \"UseCTM\": true,\r\n                              \"IsGroundPosition\": false,\r\n                              \"ContinentId\": 1265\r\n                            }\r\n                          },\r\n                          {\r\n                            \"$type\": \"MoveTo\",\r\n                            \"Hotspot\": {\r\n                              \"Position\": \"4430.061 -2825.581 4.795015\",\r\n                              \"GroundPosition\": \"0 0 0\",\r\n                              \"UseCTM\": true,\r\n                              \"IsGroundPosition\": false,\r\n                              \"ContinentId\": 1265\r\n                            }\r\n                          },\r\n                          {\r\n                            \"$type\": \"MoveTo\",\r\n                            \"Hotspot\": {\r\n                              \"Position\": \"4451.632 -2827.147 6.90855\",\r\n                              \"GroundPosition\": \"0 0 0\",\r\n                              \"UseCTM\": true,\r\n                              \"IsGroundPosition\": false,\r\n                              \"ContinentId\": 1265\r\n                            }\r\n                          },\r\n                          {\r\n                            \"$type\": \"MoveTo\",\r\n                            \"Hotspot\": {\r\n                              \"Position\": \"4474.137 -2816.684 8.832968\",\r\n                              \"GroundPosition\": \"0 0 0\",\r\n                              \"UseCTM\": true,\r\n                              \"IsGroundPosition\": false,\r\n                              \"ContinentId\": 1265\r\n                            }\r\n                          }\r\n                        ],\r\n                        \"IsSpecialElement\": true,\r\n                        \"SpecialElementName\": \"Else\",\r\n                        \"GroupName\": \"\"\r\n                      },\r\n                      \"ActionsTrue\": {\r\n                        \"Children\": [],\r\n                        \"IsSpecialElement\": true,\r\n                        \"SpecialElementName\": \"Then\",\r\n                        \"GroupName\": \"\"\r\n                      },\r\n                      \"Condition\": {\r\n                        \"$type\": \"IsQuestObjectiveComplete\",\r\n                        \"QuestId\": 34229,\r\n                        \"ObjectiveIndex\": 3\r\n                      },\r\n                      \"IsNot\": false\r\n                    }\r\n                  ],\r\n                  \"IsSpecialElement\": true,\r\n                  \"SpecialElementName\": \"Then\",\r\n                  \"GroupName\": \"\"\r\n                },\r\n                \"Condition\": {\r\n                  \"$type\": \"IsQuestObjectiveComplete\",\r\n                  \"QuestId\": 34229,\r\n                  \"ObjectiveIndex\": 2\r\n                },\r\n                \"IsNot\": false\r\n              }\r\n            ],\r\n            \"IsSpecialElement\": true,\r\n            \"SpecialElementName\": \"Then\",\r\n            \"GroupName\": \"\"\r\n          },\r\n          \"Condition\": {\r\n            \"$type\": \"IsQuestObjectiveComplete\",\r\n            \"QuestId\": 34229,\r\n            \"ObjectiveIndex\": 2\r\n          },\r\n          \"IsNot\": false\r\n        }\r\n      ],\r\n      \"GroupName\": \"1\"\r\n    },\r\n    {\r\n      \"$type\": \"JumpToBlock\",\r\n      \"Target\": \"1\"\r\n    }\r\n  ],\r\n  \"GroupName\": \"\"\r\n}",
  "ActionOrder": 1,
  "Actions": [
    {
      "$type": "MoveToTemplate",
      "Hotspots": [
        {
          "Position": "4406.173 -2820.561 4.771293",
          "GroundPosition": "0 0 0",
          "IsGroundPosition": false,
          "ContinentId": 1265
        }
      ],
      "PreventMounting": false,
      "GameObjectiveIndex": 1,
      "RunTime": 5.0
    },
    {
      "$type": "KillMobsTemplate",
      "TargetObjects": [
        {
          "Hotspot": {
            "Position": "4408.127 -2846.382 4.402174",
            "GroundPosition": "0 0 0",
            "IsGroundPosition": false,
            "ContinentId": 1265
          },
          "Name": "Shattered Hand Brawler",
          "EntryId": 82057
        }
      ],
      "HotspotsX": [
        {
          "Position": "4400.628 -2817.691 4.801971",
          "GroundPosition": "0 0 0",
          "IsGroundPosition": false,
          "ContinentId": 1265
        }
      ],
      "Blackspots": [],
      "ForceLoot": false,
      "ForcePullMobs": false,
      "GameObjectiveIndex": 2,
      "RunTime": 5.0
    },
    {
      "$type": "MoveToTemplate",
      "Hotspots": [
        {
          "Position": "4512.24 -2636.186 1.658102",
          "GroundPosition": "0 0 0",
          "IsGroundPosition": false,
          "IsIndoors": true,
          "ContinentId": 1265
        }
      ],
      "PreventMounting": false,
      "GameObjectiveIndex": 3,
      "RunTime": 5.0
    }
  ]
}