{
  "QuestID": 34420,
  "Version": 3,
  "FactionGroup": 1,
  "CreatedOn": "2014-11-24T10:10:23.9586203Z",
  "UpdatedOn": "2015-08-06T19:13:51.3432459Z",
  "Comment": "",
  "CreatedBy": null,
  "AllowUpdates": false,
  "QuestStart": {
    "ObjectName": "Archmage Khadgar",
    "EntryId": 78558,
    "AdditionalEntryIds": null,
    "ContinentId": 1265,
    "ZoneId": 7025,
    "Position": "4066.504 -2372.155 94.59879",
    "TurnInType": 0,
    "IsIndoors": true,
    "MyFaction": 0
  },
  "QuestEnd": {
    "ObjectName": "Archmage Khadgar",
    "EntryId": 78559,
    "AdditionalEntryIds": null,
    "ContinentId": 1265,
    "ZoneId": 7025,
    "Position": "3936.718 -2505.224 69.73077",
    "TurnInType": 0,
    "IsIndoors": true,
    "MyFaction": 1
  },
  "ActionOrder": 1,
  "Actions": []
}