{
  "QuestID": 34447,
  "Version": 12,
  "FactionGroup": 1,
  "CreatedOn": "2014-11-25T21:24:15.7827036Z",
  "UpdatedOn": "2015-08-07T11:13:27.0151231Z",
  "Comment": "",
  "CreatedBy": null,
  "AllowUpdates": false,
  "RecommendedLevel": 96,
  "Frequency": 1,
  "QuestStart": {
    "ObjectName": "Manduil Skycaller",
    "EntryId": 78515,
    "AdditionalEntryIds": null,
    "ContinentId": 1116,
    "ZoneId": 6662,
    "Position": "2421.392 2753.984 115.1879",
    "TurnInType": 0,
    "IsIndoors": true,
    "MyFaction": 0
  },
  "QuestEnd": {
    "ObjectName": "Vindicator Doruu",
    "EntryId": 78538,
    "AdditionalEntryIds": null,
    "ContinentId": 1116,
    "ZoneId": 6662,
    "Position": "2423.043 2755.477 115.0284",
    "TurnInType": 0,
    "IsIndoors": true,
    "MyFaction": 1
  },
  "ActionOrder": 1,
  "Actions": [
    {
      "$type": "GossipInteractionTemplate",
      "TargetObjects": [
        {
          "Hotspot": {
            "Position": "2421.392 2753.984 115.1881",
            "GroundPosition": "0 0 0",
            "IsGroundPosition": false,
            "IsIndoors": true,
            "ContinentId": 1116
          },
          "Name": "Manduil Skycaller",
          "EntryId": 78515
        }
      ],
      "HotspotsX": [
        {
          "Position": "2418.808 2752.622 115.1403",
          "GroundPosition": "0 0 0",
          "IsGroundPosition": false,
          "IsIndoors": true,
          "ContinentId": 1116
        }
      ],
      "GossipIndex": 1,
      "Dismount": false,
      "GameObjectiveIndex": 1,
      "RunTime": 5.0
    },
    {
      "$type": "WaitTemplate",
      "TimeSeconds": 26.0,
      "GameObjectiveIndex": 2,
      "RunTime": 5.0
    },
    {
      "$type": "KillMobsTemplate",
      "TargetObjects": [
        {
          "Hotspot": {
            "Position": "2538.811 2726.913 234.9539",
            "GroundPosition": "0 0 0",
            "IsGroundPosition": false,
            "ContinentId": 1116
          },
          "Name": "Kaelynara Sunchaser",
          "EntryId": 78501
        }
      ],
      "HotspotsX": [
        {
          "Position": "2531.7 2719.86 234.954",
          "GroundPosition": "0 0 0",
          "IsGroundPosition": false,
          "ContinentId": 1116
        }
      ],
      "Blackspots": [],
      "ForceLoot": false,
      "ForcePullMobs": false,
      "GameObjectiveIndex": 2,
      "RunTime": 5.0
    }
  ]
}