{
  "QuestID": 34445,
  "Version": 33,
  "FactionGroup": 1,
  "CreatedOn": "2014-11-16T16:24:13.393589Z",
  "UpdatedOn": "2015-08-06T19:21:37.1558868Z",
  "Comment": "",
  "CreatedBy": null,
  "AllowUpdates": false,
  "RecommendedLevel": 90,
  "Frequency": 1,
  "QuestStart": {
    "ObjectName": "Thaelin Darkanvil",
    "EntryId": 80521,
    "AdditionalEntryIds": null,
    "ContinentId": 1265,
    "ZoneId": 7025,
    "Position": "4063.77 -2020.121 75.3912",
    "TurnInType": 0,
    "MyFaction": 1
  },
  "UseScript": true,
  "ScriptText": "{\r\n  \"Children\": [\r\n    {\r\n      \"$type\": \"While\",\r\n      \"LoopActions\": {\r\n        \"Children\": [\r\n          {\r\n            \"$type\": \"Interact\",\r\n            \"Target\": {\r\n              \"Name\": \"Worldbreaker Side Turret\",\r\n              \"EntryId\": 231261\r\n            },\r\n            \"NumOfTimes\": 0\r\n          },\r\n          {\r\n            \"$type\": \"While\",\r\n            \"LoopActions\": {\r\n              \"Children\": [\r\n                {\r\n                  \"$type\": \"CSharpAction\",\r\n                  \"CSharpCode\": \"for (int i = 0; i < 5; i++) \\r\\n\\t{\\r\\n\\t// Position 1\\r\\n\\tExecuteLua(\\\"OverrideActionBarButton1:Click()\\\");\\r\\n\\tyield return 100;\\r\\n\\tClickOnTerrain(3983F, -2020.4F, 27.6F);\\r\\n\\tyield return 1200;\\r\\n\\r\\n\\t}\\r\\nfor (int i = 0; i < 5; i++) \\r\\n\\t{\\r\\n\\t// Position 2\\r\\n\\tExecuteLua(\\\"OverrideActionBarButton1:Click()\\\");\\r\\n\\tyield return 100;\\r\\n\\tClickOnTerrain(3989.2F, -1998.5F, 29.4F);\\r\\n\\tyield return 1200;\\r\\n\\t}\\r\\nfor (int i = 0; i < 5; i++) \\r\\n\\t{\\r\\n\\t// Position 3\\r\\n\\tExecuteLua(\\\"OverrideActionBarButton1:Click()\\\");\\r\\n\\tyield return 100;\\r\\n\\tClickOnTerrain(3934.9F, -2013.2F, 21.2F);\\r\\n\\tyield return 1200;\\r\\n\\t}\\r\\nfor (int i = 0; i < 5; i++) \\r\\n\\t{\\r\\n\\t// Position 4\\r\\n\\tExecuteLua(\\\"OverrideActionBarButton1:Click()\\\");\\r\\n\\tyield return 100;\\r\\n\\tClickOnTerrain(3990.2F, -2109F, 29.7F);\\r\\n\\tyield return 1200;\\r\\n\\t}\\r\\nfor (int i = 0; i < 5; i++)  \\r\\n\\t{\\r\\n\\t// Position 5\\r\\n\\tExecuteLua(\\\"OverrideActionBarButton1:Click()\\\");\\r\\n\\tyield return 100;\\r\\n\\tClickOnTerrain(3976.4F, -2010.6F, 27.1F);\\r\\n\\tyield return 1200;\\r\\n\\t}\\r\\nfor (int i = 0; i < 5; i++) \\r\\n\\t{\\r\\n\\t// Position 6\\r\\n\\tExecuteLua(\\\"OverrideActionBarButton1:Click()\\\");\\r\\n\\tyield return 100;\\r\\n\\tClickOnTerrain(3933F, -2105F, 24F);\\r\\n\\tyield return 1200;\\r\\n\\t}\\r\\nfor (int i = 0; i < 5; i++) \\r\\n\\t{\\r\\n\\t// Position 7\\r\\n\\tExecuteLua(\\\"OverrideActionBarButton1:Click()\\\");\\r\\n\\tyield return 100;\\r\\n\\tClickOnTerrain(3898.7F, -2107.2F, 19.6F);\\r\\n\\tyield return 1200;\\r\\n\\t}\\r\\nfor (int i = 0; i < 5; i++) \\r\\n\\t{\\r\\n\\t// Position 8\\r\\n\\tExecuteLua(\\\"OverrideActionBarButton1:Click()\\\");\\r\\n\\tyield return 100;\\r\\n\\tClickOnTerrain(3879.1F, -2008.1F, 21.4F);\\r\\n\\tyield return 1200;\\r\\n\\t}\\r\\nfor (int i = 0; i < 5; i++) \\r\\n\\t{\\r\\n\\t// Position 9\\r\\n\\tExecuteLua(\\\"OverrideActionBarButton1:Click()\\\");\\r\\n\\tyield return 100;\\r\\n\\tClickOnTerrain(3919.6F, -2110.5F, 23.9F);\\r\\n\\tyield return 1200;\\r\\n\\t}\\r\\nfor (int i = 0; i < 5; i++)  \\r\\n\\t{\\r\\n\\t// Position 10\\r\\n\\tExecuteLua(\\\"OverrideActionBarButton1:Click()\\\");\\r\\n\\tyield return 100;\\r\\n\\tClickOnTerrain(3976.4F, -2010.6F, 27.1F);\\r\\n\\tyield return 1200;\\r\\n\\t}\\r\\nfor (int i = 0; i < 5; i++) \\r\\n\\t{\\r\\n\\t// Position 11\\r\\n\\tExecuteLua(\\\"OverrideActionBarButton1:Click()\\\");\\r\\n\\tyield return 100;\\r\\n\\tClickOnTerrain(3898.7F, -2107.2F, 19.6F);\\r\\n\\tyield return 1200;\\r\\n\\t}\\r\\nfor (int i = 0; i < 5; i++) \\r\\n\\t{\\r\\n\\t// Position 12\\r\\n\\tExecuteLua(\\\"OverrideActionBarButton1:Click()\\\");\\r\\n\\tyield return 100;\\r\\n\\tClickOnTerrain(3934.9F, -2013.2F, 21.2F);\\r\\n\\tyield return 1200;\\r\\n\\t}\\r\\nfor (int i = 0; i < 5; i++)  \\r\\n\\t{\\r\\n\\t// Position 13\\r\\n\\tExecuteLua(\\\"OverrideActionBarButton1:Click()\\\");\\r\\n\\tyield return 100;\\r\\n\\tClickOnTerrain(3976.4F, -2010.6F, 27.1F);\\r\\n\\tyield return 1200;\\r\\n\\t}\\r\\nfor (int i = 0; i < 5; i++) \\r\\n\\t{\\r\\n\\t// Position 14\\r\\n\\tExecuteLua(\\\"OverrideActionBarButton1:Click()\\\");\\r\\n\\tyield return 100;\\r\\n\\tClickOnTerrain(3934.9F, -2013.2F, 21.2F);\\r\\n\\tyield return 1200;\\r\\n\\t}\\r\\nfor (int i = 0; i < 5; i++) \\r\\n\\t{\\r\\n\\t// Position 15\\r\\n\\tExecuteLua(\\\"OverrideActionBarButton1:Click()\\\");\\r\\n\\tyield return 100;\\r\\n\\tClickOnTerrain(3898.7F, -2107.2F, 19.6F);\\r\\n\\tyield return 1200;\\r\\n\\t}\\r\\nfor (int i = 0; i < 5; i++) \\r\\n\\t{\\r\\n\\t// Position 16\\r\\n\\tExecuteLua(\\\"OverrideActionBarButton1:Click()\\\");\\r\\n\\tyield return 100;\\r\\n\\tClickOnTerrain(3890.1F, -1979.6F, 30.5F);\\r\\n\\tyield return 1200;\\r\\n\\t}\\r\\nfor (int i = 0; i < 5; i++)  \\r\\n\\t{\\r\\n\\t// Position 17\\r\\n\\tExecuteLua(\\\"OverrideActionBarButton1:Click()\\\");\\r\\n\\tyield return 100;\\r\\n\\tClickOnTerrain(3811.7f, -2047.7f, 17F);\\r\\n\\tyield return 1200;\\r\\n\\t}\\r\\n\"\r\n                }\r\n              ],\r\n              \"IsSpecialElement\": true,\r\n              \"SpecialElementName\": \"Do\",\r\n              \"GroupName\": \"\"\r\n            },\r\n            \"Conditions\": [\r\n              {\r\n                \"Condition\": {\r\n                  \"$type\": \"IsQuestObjectiveComplete\",\r\n                  \"QuestId\": 34445,\r\n                  \"ObjectiveIndex\": 2\r\n                },\r\n                \"IsNot\": false\r\n              },\r\n              {\r\n                \"Condition\": null,\r\n                \"IsNot\": false\r\n              },\r\n              {\r\n                \"Condition\": null,\r\n                \"IsNot\": false\r\n              },\r\n              {\r\n                \"Condition\": null,\r\n                \"IsNot\": false\r\n              }\r\n            ],\r\n            \"IsNot\": true,\r\n            \"CheckFrequently\": true\r\n          },\r\n          {\r\n            \"$type\": \"Wait\",\r\n            \"Delay\": 5.0,\r\n            \"DelayMax\": 0.0\r\n          },\r\n          {\r\n            \"$type\": \"MoveTo\",\r\n            \"Hotspot\": {\r\n              \"Position\": \"4066.085 -2022.833 75.4512\",\r\n              \"GroundPosition\": \"0 0 0\",\r\n              \"IsGroundPosition\": false,\r\n              \"ContinentId\": 1265\r\n            },\r\n            \"Method\": \"Navi\"\r\n          },\r\n          {\r\n            \"$type\": \"CollectObjectsTemplateScriptAction\",\r\n            \"Template\": {\r\n              \"$type\": \"CollectObjectsTemplate\",\r\n              \"TargetObjects\": [\r\n                {\r\n                  \"Hotspot\": {\r\n                    \"Position\": \"4065.702 -2024.719 75.53648\",\r\n                    \"GroundPosition\": \"0 0 0\",\r\n                    \"IsGroundPosition\": false,\r\n                    \"ContinentId\": 1265\r\n                  },\r\n                  \"Name\": \"Main Cannon Trigger\",\r\n                  \"EntryId\": 232538\r\n                }\r\n              ],\r\n              \"HotspotsX\": [\r\n                {\r\n                  \"Position\": \"4066.625 -2023.315 75.45734\",\r\n                  \"GroundPosition\": \"0 0 0\",\r\n                  \"IsGroundPosition\": false,\r\n                  \"ContinentId\": 1265\r\n                }\r\n              ],\r\n              \"Blackspots\": [],\r\n              \"IsLoot\": false,\r\n              \"OpeningCast\": true,\r\n              \"NoMovement\": false,\r\n              \"GameObjectiveIndex\": 1,\r\n              \"RunTime\": 5.0\r\n            },\r\n            \"TimeLimit\": 0\r\n          },\r\n          {\r\n            \"$type\": \"Comment\",\r\n            \"Text\": \"Cinematic is Playing...\",\r\n            \"Color\": \"64, 128, 128\"\r\n          },\r\n          {\r\n            \"$type\": \"Wait\",\r\n            \"Delay\": 51.0,\r\n            \"DelayMax\": 52.0\r\n          }\r\n        ],\r\n        \"IsSpecialElement\": true,\r\n        \"SpecialElementName\": \"Do\",\r\n        \"GroupName\": \"\"\r\n      },\r\n      \"Conditions\": [\r\n        {\r\n          \"Condition\": {\r\n            \"$type\": \"CSharpCondition\",\r\n            \"CSharpCode\": \"HasQuest(34445) && !IsQuestInLogAndComplete(34445)\"\r\n          },\r\n          \"IsNot\": false\r\n        },\r\n        {\r\n          \"Condition\": null,\r\n          \"IsNot\": false\r\n        },\r\n        {\r\n          \"Condition\": null,\r\n          \"IsNot\": false\r\n        },\r\n        {\r\n          \"Condition\": null,\r\n          \"IsNot\": false\r\n        }\r\n      ],\r\n      \"IsNot\": false\r\n    }\r\n  ],\r\n  \"GroupName\": \"\"\r\n}",
  "ActionOrder": 1,
  "Actions": []
}