{
  "QuestID": 34462,
  "Version": 9,
  "FactionGroup": 1,
  "CreatedOn": "2014-11-15T01:36:09.4875496Z",
  "UpdatedOn": "2015-08-06T21:00:14.485525Z",
  "Comment": "",
  "CreatedBy": null,
  "AllowUpdates": false,
  "RecommendedLevel": 91,
  "Frequency": 1,
  "QuestStart": {
    "ObjectName": "Warmaster Zog",
    "EntryId": 79740,
    "AdditionalEntryIds": null,
    "ContinentId": 1152,
    "ZoneId": 7004,
    "Position": "5556.84 4506.932 132.6772",
    "TurnInType": 0,
    "MyFaction": 1
  },
  "ActionOrder": 1,
  "Actions": [
    {
      "$type": "CollectObjectsTemplate",
      "TargetObjects": [
        {
          "Hotspot": {
            "Position": "5709.614 4001.037 70.64414",
            "GroundPosition": "0 0 0",
            "IsGroundPosition": false,
            "IsIndoors": true,
            "ContinentId": 1116
          },
          "Name": "Olin Umberhide",
          "EntryId": 80577
        }
      ],
      "HotspotsX": [
        {
          "Position": "5710.394 4004.556 66.46735",
          "GroundPosition": "0 0 0",
          "IsGroundPosition": false,
          "IsIndoors": true,
          "ContinentId": 1116
        }
      ],
      "Blackspots": [],
      "IsLoot": true,
      "OpeningCast": false,
      "NoMovement": false,
      "GameObjectiveIndex": 2,
      "RunTime": 5.0
    }
  ]
}