{
  "QuestID": 34576,
  "Version": 6,
  "FactionGroup": 1,
  "CreatedOn": "2014-11-19T22:26:34.2467316Z",
  "UpdatedOn": "2015-08-07T10:49:10.5436353Z",
  "Comment": "",
  "CreatedBy": null,
  "AllowUpdates": false,
  "RecommendedLevel": 94,
  "Frequency": 1,
  "IsStory": true,
  "QuestStart": {
    "ObjectName": "Morketh Bladehowl",
    "EntryId": 79356,
    "AdditionalEntryIds": null,
    "ContinentId": 1116,
    "ZoneId": 6662,
    "Position": "3217.057 1606.389 166.068",
    "TurnInType": 0,
    "IsIndoors": true,
    "MyFaction": 1
  },
  "ActionOrder": 0,
  "Actions": [
    {
      "$type": "KillMobsTemplate",
      "TargetObjects": [
        {
          "Hotspot": {
            "Position": "3611.291 1325.667 108.8306",
            "GroundPosition": "0 0 0",
            "IsGroundPosition": false,
            "IsIndoors": true,
            "ContinentId": 1116
          },
          "Name": "Iridium Geode",
          "EntryId": 80072
        }
      ],
      "HotspotsX": [
        {
          "Position": "3596.618 1319.56 109.7471",
          "GroundPosition": "0 0 0",
          "IsGroundPosition": false,
          "IsIndoors": true,
          "ContinentId": 1116
        },
        {
          "Position": "3683.592 1230.018 85.04234",
          "GroundPosition": "0 0 0",
          "IsGroundPosition": false,
          "IsIndoors": true,
          "ContinentId": 1116
        },
        {
          "Position": "3742.203 1164.886 83.07678",
          "GroundPosition": "0 0 0",
          "IsGroundPosition": false,
          "IsIndoors": true,
          "ContinentId": 1116
        }
      ],
      "Blackspots": [],
      "ForceLoot": false,
      "ForcePullMobs": true,
      "GameObjectiveIndex": 1,
      "RunTime": 5.0
    }
  ]
}