{
  "QuestID": 34639,
  "Version": 13,
  "FactionGroup": 1,
  "CreatedOn": "2015-01-22T21:31:58.6253139Z",
  "UpdatedOn": "2015-08-07T10:59:55.9525646Z",
  "Comment": "",
  "CreatedBy": null,
  "AllowUpdates": false,
  "RecommendedLevel": 95,
  "Frequency": 1,
  "IsTask": true,
  "QuestStart": {
    "ObjectName": "AreaTrigger",
    "EntryId": 0,
    "AdditionalEntryIds": null,
    "ContinentId": 1116,
    "ZoneId": 6662,
    "Position": "2573.523 1334.211 148.2793",
    "TurnInType": 2,
    "MyFaction": 1
  },
  "UseScript": true,
  "ScriptText": "{\r\n  \"Children\": [\r\n    {\r\n      \"$type\": \"While\",\r\n      \"LoopActions\": {\r\n        \"Children\": [\r\n          {\r\n            \"$type\": \"If\",\r\n            \"ActionsFalse\": {\r\n              \"Children\": [],\r\n              \"IsSpecialElement\": true,\r\n              \"SpecialElementName\": \"Else\",\r\n              \"GroupName\": \"\"\r\n            },\r\n            \"ActionsTrue\": {\r\n              \"Children\": [\r\n                {\r\n                  \"$type\": \"MoveTo\",\r\n                  \"Hotspot\": {\r\n                    \"Position\": \"2438.294 1254.737 135.6169\",\r\n                    \"GroundPosition\": \"0 0 0\",\r\n                    \"IsGroundPosition\": false,\r\n                    \"ContinentId\": 1116\r\n                  },\r\n                  \"Method\": \"Navi\"\r\n                },\r\n                {\r\n                  \"$type\": \"CSharpAction\",\r\n                  \"CSharpCode\": \"Me.ClearFocus();\\r\\n\"\r\n                },\r\n                {\r\n                  \"$type\": \"While\",\r\n                  \"LoopActions\": {\r\n                    \"Children\": [\r\n                      {\r\n                        \"$type\": \"Comment\",\r\n                        \"Text\": \"Waiting For Frenzied Ancient...\",\r\n                        \"Color\": \"64, 128, 128\"\r\n                      },\r\n                      {\r\n                        \"$type\": \"CSharpAction\",\r\n                        \"CSharpCode\": \"foreach (UnitObject unit in Units) {\\r\\n\\tif (unit.EntryID == 79409 && !unit.IsDead) {\\r\\n\\t\\tMe.SetFocus(unit);\\r\\n\\t\\tMe.SetTarget(unit);\\r\\n\\t}\\r\\n}\\r\\n\"\r\n                      },\r\n                      {\r\n                        \"$type\": \"Wait\",\r\n                        \"Delay\": 2.0,\r\n                        \"DelayMax\": 3.0\r\n                      }\r\n                    ],\r\n                    \"IsSpecialElement\": true,\r\n                    \"SpecialElementName\": \"Do\",\r\n                    \"GroupName\": \"\"\r\n                  },\r\n                  \"Condition\": {\r\n                    \"$type\": \"CSharpCondition\",\r\n                    \"CSharpCode\": \"Me.Focus == null && !IsQuestCompleted(34639) && HasQuest(34639)\"\r\n                  },\r\n                  \"IsNot\": false,\r\n                  \"CheckFrequently\": true\r\n                },\r\n                {\r\n                  \"$type\": \"Comment\",\r\n                  \"Text\": \"Frenzied Ancient Found!!!\",\r\n                  \"Color\": \"64, 128, 128\"\r\n                },\r\n                {\r\n                  \"$type\": \"While\",\r\n                  \"LoopActions\": {\r\n                    \"Children\": [\r\n                      {\r\n                        \"$type\": \"CSharpAction\",\r\n                        \"CSharpCode\": \" DisableCombat = true;\\r\\n\\r\\nwhile(Me.Focus != null && Me.Focus.Distance2D > 10)\\r\\n{\\r\\n\\tMoveTo(Me.Focus.Position);\\r\\n\\tyield return 100;\\r\\n}\\r\\n\\r\\nfor (int i = 0; i < 3; i++) \\r\\n{\\r\\n\\tif (Me.Focus != null)\\r\\n\\t{\\r\\n\\t\\tExecuteLua(\\\"DraenorZoneAbilityFrame:Show(); DraenorZoneAbilityFrame.SpellButton:Click()\\\");\\r\\n\\t\\tyield return 100;\\r\\n\\t\\tClickOnTerrain(Me.Focus.Position);\\r\\n\\t\\tyield return 1500;\\r\\n\\t}\\r\\n}\\r\\n\\r\\nDisableCombat = false;\"\r\n                      },\r\n                      {\r\n                        \"$type\": \"KillMobsTemplateScriptAction\",\r\n                        \"Template\": {\r\n                          \"$type\": \"KillMobsTemplate\",\r\n                          \"TargetObjects\": [\r\n                            {\r\n                              \"Hotspot\": {\r\n                                \"Position\": \"2513.505 1257.837 143.6557\",\r\n                                \"GroundPosition\": \"0 0 0\",\r\n                                \"IsGroundPosition\": false,\r\n                                \"ContinentId\": 1116\r\n                              },\r\n                              \"Name\": \"Frenzied Ancient\",\r\n                              \"EntryId\": 79409\r\n                            }\r\n                          ],\r\n                          \"HotspotsX\": [\r\n                            {\r\n                              \"Position\": \"2481.13 1287.591 139.0764\",\r\n                              \"GroundPosition\": \"0 0 0\",\r\n                              \"IsGroundPosition\": false,\r\n                              \"ContinentId\": 1116\r\n                            }\r\n                          ],\r\n                          \"Blackspots\": [],\r\n                          \"ForceLoot\": false,\r\n                          \"ForcePullMobs\": false,\r\n                          \"GameObjectiveIndex\": 1,\r\n                          \"RunTime\": 5.0\r\n                        },\r\n                        \"TimeLimit\": 0\r\n                      }\r\n                    ],\r\n                    \"IsSpecialElement\": true,\r\n                    \"SpecialElementName\": \"Do\",\r\n                    \"GroupName\": \"\"\r\n                  },\r\n                  \"Condition\": {\r\n                    \"$type\": \"CSharpCondition\",\r\n                    \"CSharpCode\": \"Me.Focus != null && !IsQuestCompleted(34639) && HasQuest(34639)\"\r\n                  },\r\n                  \"IsNot\": false,\r\n                  \"CheckFrequently\": true\r\n                },\r\n                {\r\n                  \"$type\": \"CSharpAction\",\r\n                  \"CSharpCode\": \"DisableCombat = false;\"\r\n                }\r\n              ],\r\n              \"IsSpecialElement\": true,\r\n              \"SpecialElementName\": \"Then\",\r\n              \"GroupName\": \"\"\r\n            },\r\n            \"Condition\": {\r\n              \"$type\": \"CSharpCondition\",\r\n              \"CSharpCode\": \"!IsQuestObjectiveComplete(34639, 1) && HasQuest(34639)\"\r\n            },\r\n            \"IsNot\": false\r\n          },\r\n          {\r\n            \"$type\": \"While\",\r\n            \"LoopActions\": {\r\n              \"Children\": [\r\n                {\r\n                  \"$type\": \"CollectObjectsTemplateScriptAction\",\r\n                  \"Template\": {\r\n                    \"$type\": \"CollectObjectsTemplate\",\r\n                    \"TargetObjects\": [\r\n                      {\r\n                        \"Hotspot\": {\r\n                          \"Position\": \"2431.39 1253.885 134.0757\",\r\n                          \"GroundPosition\": \"0 0 0\",\r\n                          \"IsGroundPosition\": false,\r\n                          \"ContinentId\": 1116\r\n                        },\r\n                        \"Name\": \"Panicked Young Prowler\",\r\n                        \"EntryId\": 79432\r\n                      }\r\n                    ],\r\n                    \"HotspotsX\": [\r\n                      {\r\n                        \"Position\": \"2447.221 1234.222 136.7868\",\r\n                        \"GroundPosition\": \"0 0 0\",\r\n                        \"IsGroundPosition\": false,\r\n                        \"ContinentId\": 1116\r\n                      }\r\n                    ],\r\n                    \"Blackspots\": [],\r\n                    \"IsLoot\": true,\r\n                    \"OpeningCast\": false,\r\n                    \"NoMovement\": false,\r\n                    \"GameObjectiveIndex\": 1,\r\n                    \"RunTime\": 5.0\r\n                  },\r\n                  \"TimeLimit\": 30\r\n                }\r\n              ],\r\n              \"IsSpecialElement\": true,\r\n              \"SpecialElementName\": \"Do\",\r\n              \"GroupName\": \"\"\r\n            },\r\n            \"Condition\": {\r\n              \"$type\": \"CSharpCondition\",\r\n              \"CSharpCode\": \"!IsQuestObjectiveComplete(34639, 2) && HasQuest(34639)\"\r\n            },\r\n            \"IsNot\": false,\r\n            \"CheckFrequently\": true\r\n          }\r\n        ],\r\n        \"IsSpecialElement\": true,\r\n        \"SpecialElementName\": \"Do\",\r\n        \"GroupName\": \"\"\r\n      },\r\n      \"Condition\": {\r\n        \"$type\": \"CSharpCondition\",\r\n        \"CSharpCode\": \"!IsQuestCompleted(34639)\"\r\n      },\r\n      \"IsNot\": false,\r\n      \"CheckFrequently\": true\r\n    }\r\n  ],\r\n  \"GroupName\": \"\"\r\n}",
  "ActionOrder": 1,
  "Actions": []
}