{
  "QuestID": 34683,
  "Version": 3,
  "FactionGroup": 1,
  "CreatedOn": "2014-11-19T23:09:05.9454542Z",
  "UpdatedOn": "2015-08-07T10:49:47.3818201Z",
  "Comment": "",
  "CreatedBy": null,
  "AllowUpdates": false,
  "RecommendedLevel": 94,
  "Frequency": 1,
  "QuestStart": {
    "ObjectName": "Shadow Hunter Kajassa",
    "EntryId": 79627,
    "AdditionalEntryIds": null,
    "ContinentId": 1116,
    "ZoneId": 6662,
    "Position": "3238.862 1585.594 163.2243",
    "TurnInType": 0,
    "MyFaction": 1
  },
  "QuestEnd": {
    "ObjectName": "Durotan",
    "EntryId": 75806,
    "AdditionalEntryIds": null,
    "ContinentId": 1116,
    "ZoneId": 6662,
    "Position": "3993.798 2165.915 117.8815",
    "TurnInType": 0,
    "MyFaction": 1
  },
  "ActionOrder": 1,
  "Actions": []
}