{
  "QuestID": 34731,
  "Version": 3,
  "FactionGroup": 1,
  "CreatedOn": "2015-03-13T17:14:23.1570843Z",
  "UpdatedOn": "2015-08-06T21:37:30.2859731Z",
  "Comment": "",
  "CreatedBy": null,
  "AllowUpdates": false,
  "QuestStart": {
    "ObjectName": "Shadow Hunter Rala",
    "EntryId": 78208,
    "AdditionalEntryIds": null,
    "ContinentId": 1116,
    "ZoneId": 6720,
    "Position": "6627.257 4288.268 87.47408",
    "TurnInType": 0,
    "IsIndoors": true,
    "MyFaction": 0
  },
  "ActionOrder": 1,
  "Actions": []
}