{
  "QuestID": 34736,
  "Version": 6,
  "FactionGroup": 1,
  "CreatedOn": "2014-11-17T00:28:13.2490083Z",
  "UpdatedOn": "2015-08-06T21:26:09.2730617Z",
  "Comment": "",
  "CreatedBy": null,
  "AllowUpdates": false,
  "RecommendedLevel": 92,
  "Frequency": 1,
  "QuestStart": {
    "ObjectName": "Rokhan",
    "EntryId": 78487,
    "AdditionalEntryIds": null,
    "ContinentId": 1152,
    "ZoneId": 7004,
    "Position": "5573.185 4525.507 130.2195",
    "TurnInType": 0,
    "MyFaction": 1
  },
  "QuestEnd": {
    "ObjectName": "Shadow Hunter Rala",
    "EntryId": 78208,
    "AdditionalEntryIds": null,
    "ContinentId": 1116,
    "ZoneId": 6720,
    "Position": "6627.257 4288.268 87.47435",
    "TurnInType": 0,
    "MyFaction": 1
  },
  "ActionOrder": 1,
  "Actions": []
}