{
  "QuestID": 34739,
  "Version": 4,
  "FactionGroup": 1,
  "CreatedOn": "2014-11-13T09:02:14.1112137Z",
  "UpdatedOn": "2015-08-06T19:18:10.4912031Z",
  "Comment": "",
  "CreatedBy": null,
  "AllowUpdates": false,
  "RecommendedLevel": 90,
  "Frequency": 1,
  "IsStory": true,
  "QuestStart": {
    "ObjectName": "Thrall",
    "EntryId": 78553,
    "AdditionalEntryIds": null,
    "ContinentId": 1265,
    "ZoneId": 7025,
    "Position": "4527.632 -2636.3 1.650906",
    "TurnInType": 0,
    "IsIndoors": true,
    "MyFaction": 1
  },
  "QuestEnd": {
    "ObjectName": "Olin Umberhide",
    "EntryId": 79315,
    "AdditionalEntryIds": null,
    "ContinentId": 1265,
    "ZoneId": 7025,
    "Position": "4521.452 -2498.33 25.81855",
    "TurnInType": 0,
    "IsIndoors": true,
    "MyFaction": 1
  },
  "ActionOrder": 1,
  "Actions": [
    {
      "$type": "KillMobsTemplate",
      "TargetObjects": [
        {
          "Hotspot": {
            "Position": "4488.516 -2588.398 2.978349",
            "GroundPosition": "0 0 0",
            "IsGroundPosition": false,
            "IsIndoors": true,
            "ContinentId": 1265
          },
          "Name": "Shadowmoon Ritualist",
          "EntryId": 79590
        },
        {
          "Hotspot": {
            "Position": "4515.666 -2610.637 2.825909",
            "GroundPosition": "0 0 0",
            "IsGroundPosition": false,
            "IsIndoors": true,
            "ContinentId": 1265
          },
          "Name": "Void Wolf",
          "EntryId": 82373
        }
      ],
      "HotspotsX": [
        {
          "Position": "4510.98 -2602.708 3.04755",
          "GroundPosition": "0 0 0",
          "IsGroundPosition": false,
          "IsIndoors": true,
          "ContinentId": 1265
        },
        {
          "Position": "4476.192 -2527.067 13.01266",
          "GroundPosition": "0 0 0",
          "IsGroundPosition": false,
          "IsIndoors": true,
          "ContinentId": 1265
        },
        {
          "Position": "4569.524 -2542.767 13.87524",
          "GroundPosition": "0 0 0",
          "IsGroundPosition": false,
          "IsIndoors": true,
          "ContinentId": 1265
        }
      ],
      "Blackspots": [],
      "ForceLoot": false,
      "ForcePullMobs": false,
      "GameObjectiveIndex": 1,
      "RunTime": 5.0
    }
  ]
}