{
  "QuestID": 34732,
  "Version": 4,
  "FactionGroup": 1,
  "CreatedOn": "2014-11-16T16:24:13.4055897Z",
  "UpdatedOn": "2015-08-06T21:13:08.0465532Z",
  "Comment": "",
  "CreatedBy": null,
  "AllowUpdates": false,
  "QuestStart": {
    "ObjectName": "Mulverick",
    "EntryId": 79047,
    "AdditionalEntryIds": null,
    "ContinentId": 1116,
    "ZoneId": 6720,
    "Position": "6584.716 5625.336 167.0274",
    "TurnInType": 0,
    "IsIndoors": true,
    "MyFaction": 0
  },
  "ActionOrder": 1,
  "Actions": [
    {
      "$type": "WaitTemplate",
      "TimeSeconds": 2.0,
      "GameObjectiveIndex": 1,
      "RunTime": 5.0
    }
  ]
}