{
  "QuestID": 34740,
  "Version": 3,
  "FactionGroup": 1,
  "CreatedOn": "2014-11-17T05:26:38.4046109Z",
  "UpdatedOn": "2015-08-06T19:18:21.1514987Z",
  "Comment": "",
  "CreatedBy": null,
  "AllowUpdates": false,
  "QuestStart": {
    "ObjectName": "Yrel",
    "EntryId": 78994,
    "AdditionalEntryIds": null,
    "ContinentId": 1265,
    "ZoneId": 7025,
    "Position": "4614.925 -2470.79 13.76507",
    "TurnInType": 0,
    "IsIndoors": true,
    "MyFaction": 1
  },
  "ActionOrder": 1,
  "Actions": [
    {
      "$type": "MoveToTemplate",
      "Hotspots": [
        {
          "Position": "4546.865 -2531.747 14.08085",
          "GroundPosition": "0 0 0",
          "IsGroundPosition": false,
          "IsIndoors": true,
          "ContinentId": 1265
        }
      ],
      "PreventMounting": false,
      "GameObjectiveIndex": 1,
      "RunTime": 5.0
    }
  ]
}