{
  "QuestID": 34770,
  "Version": 2,
  "FactionGroup": 1,
  "CreatedOn": "2015-08-12T23:41:03.6066726Z",
  "UpdatedOn": "2015-08-12T23:41:09.4930744Z",
  "Comment": "",
  "CreatedBy": null,
  "AllowUpdates": false,
  "QuestStart": {
    "ObjectName": "Lantresor of the Blade",
    "EntryId": 81790,
    "AdditionalEntryIds": null,
    "ContinentId": 1116,
    "ZoneId": 6755,
    "Position": "3154.365 4621.582 138.0109",
    "TurnInType": 0,
    "IsIndoors": true,
    "MyFaction": 0
  },
  "ActionOrder": 1,
  "Actions": []
}