{
  "QuestID": 34795,
  "Version": 2,
  "FactionGroup": 1,
  "CreatedOn": "2015-06-29T12:40:15.7127962Z",
  "UpdatedOn": "2015-08-11T08:55:43.7349586Z",
  "Comment": "",
  "CreatedBy": null,
  "AllowUpdates": false,
  "QuestStart": {
    "ObjectName": "Stone Guard Brox",
    "EntryId": 80001,
    "AdditionalEntryIds": null,
    "ContinentId": 1116,
    "ZoneId": 6755,
    "Position": "2418.401 4406.193 208.7421",
    "TurnInType": 0,
    "IsIndoors": true,
    "MyFaction": 0
  },
  "QuestEnd": {
    "ObjectName": "Thrall",
    "EntryId": 80003,
    "AdditionalEntryIds": null,
    "ContinentId": 1116,
    "ZoneId": 6755,
    "Position": "3217.496 4607.062 143.8809",
    "TurnInType": 0,
    "MyFaction": 1
  },
  "ActionOrder": 1,
  "Actions": []
}