{
  "QuestID": 34805,
  "Version": 5,
  "FactionGroup": 1,
  "CreatedOn": "2014-11-26T21:46:59.3757182Z",
  "UpdatedOn": "2015-08-07T21:32:49.8591222Z",
  "Comment": "",
  "CreatedBy": null,
  "AllowUpdates": false,
  "RecommendedLevel": 96,
  "Frequency": 1,
  "IsStory": true,
  "QuestStart": {
    "ObjectName": "Reshad",
    "EntryId": 79519,
    "AdditionalEntryIds": null,
    "ContinentId": 1116,
    "ZoneId": 6722,
    "Position": "116.3077 1556.029 -1.778129",
    "TurnInType": 0,
    "IsIndoors": true,
    "MyFaction": 0
  },
  "QuestEnd": {
    "ObjectName": "Reshad",
    "EntryId": 81770,
    "AdditionalEntryIds": null,
    "ContinentId": 1116,
    "ZoneId": 6722,
    "Position": "-413.4514 1737.877 45.6214",
    "TurnInType": 0,
    "MyFaction": 1
  },
  "ActionOrder": 1,
  "Actions": [
    {
      "$type": "KillMobsTemplate",
      "TargetObjects": [
        {
          "Hotspot": {
            "Position": "-128.3428 1566.193 2.6521",
            "GroundPosition": "0 0 0",
            "IsGroundPosition": false,
            "ContinentId": 1116
          },
          "Name": "Echo Hunter",
          "EntryId": 79895
        }
      ],
      "HotspotsX": [
        {
          "Position": "-82.73164 1550.762 -6.298148",
          "GroundPosition": "0 0 0",
          "IsGroundPosition": false,
          "ContinentId": 1116
        }
      ],
      "Blackspots": [],
      "ForceLoot": false,
      "ForcePullMobs": true,
      "GameObjectiveIndex": 1,
      "RunTime": 5.0
    }
  ]
}