{
  "QuestID": 34818,
  "Version": 4,
  "FactionGroup": 1,
  "CreatedOn": "2014-11-28T23:47:51.9108229Z",
  "UpdatedOn": "2015-08-12T01:55:02.0850078Z",
  "Comment": "",
  "CreatedBy": null,
  "AllowUpdates": false,
  "RecommendedLevel": 98,
  "Frequency": 1,
  "IsStory": true,
  "QuestStart": {
    "ObjectName": "Foreman Thazz'ril",
    "EntryId": 80140,
    "AdditionalEntryIds": null,
    "ContinentId": 1116,
    "ZoneId": 6755,
    "Position": "3253.109 4602.051 146.9203",
    "TurnInType": 0,
    "IsIndoors": true,
    "MyFaction": 0
  },
  "QuestEnd": {
    "ObjectName": "Lantresor of the Blade",
    "EntryId": 80161,
    "AdditionalEntryIds": null,
    "ContinentId": 1116,
    "ZoneId": 6755,
    "Position": "2857.505 4460.763 175.8514",
    "TurnInType": 0,
    "IsIndoors": true,
    "MyFaction": 1
  },
  "ActionOrder": 1,
  "Actions": []
}