{
  "QuestID": 34826,
  "Version": 5,
  "FactionGroup": 1,
  "CreatedOn": "2014-11-28T23:50:35.6611439Z",
  "UpdatedOn": "2015-08-12T01:54:10.5487982Z",
  "Comment": "",
  "CreatedBy": null,
  "AllowUpdates": false,
  "RecommendedLevel": 98,
  "Frequency": 1,
  "QuestStart": {
    "ObjectName": "Thrall",
    "EntryId": 80003,
    "AdditionalEntryIds": null,
    "ContinentId": 1116,
    "ZoneId": 6755,
    "Position": "3217.496 4607.062 143.8809",
    "TurnInType": 0,
    "IsIndoors": true,
    "MyFaction": 0
  },
  "QuestEnd": {
    "ObjectName": "Thrall",
    "EntryId": 80003,
    "AdditionalEntryIds": null,
    "ContinentId": 1116,
    "ZoneId": 6755,
    "Position": "3217.496 4607.062 143.8809",
    "TurnInType": 0,
    "MyFaction": 1
  },
  "ActionOrder": 1,
  "Actions": [
    {
      "$type": "KillMobsTemplate",
      "TargetObjects": [
        {
          "Hotspot": {
            "Position": "2868.984 4435.15 181.9207",
            "GroundPosition": "0 0 0",
            "IsGroundPosition": false,
            "ContinentId": 1116
          },
          "Name": "Blademaster Trainee",
          "EntryId": 80191
        },
        {
          "Hotspot": {
            "Position": "2898.792 4384.49 173.0767",
            "GroundPosition": "0 0 0",
            "IsGroundPosition": false,
            "ContinentId": 1116
          },
          "Name": "Burning Flameseer",
          "EntryId": 80197
        },
        {
          "Hotspot": {
            "Position": "2921.384 4354.495 173.5907",
            "GroundPosition": "0 0 0",
            "IsGroundPosition": false,
            "ContinentId": 1116
          },
          "Name": "Hallvalor Villager",
          "EntryId": 80205
        }
      ],
      "HotspotsX": [
        {
          "Position": "2901.586 4352.131 173.2572",
          "GroundPosition": "0 0 0",
          "ContinentId": 1116
        }
      ],
      "Blackspots": [
        "2888 4427 182 20.7",
        "2910 4449 183 50.9"
      ],
      "ForceLoot": false,
      "ForcePullMobs": false,
      "GameObjectiveIndex": 1,
      "RunTime": 5.0
    }
  ]
}