{
  "QuestID": 34822,
  "Version": 8,
  "FactionGroup": 1,
  "CreatedOn": "2014-11-13T19:09:27.6853503Z",
  "UpdatedOn": "2015-08-06T20:58:57.7315328Z",
  "Comment": "",
  "CreatedBy": null,
  "AllowUpdates": false,
  "RecommendedLevel": 91,
  "Frequency": 1,
  "IsStory": true,
  "QuestStart": {
    "ObjectName": "Gazlowe",
    "EntryId": 78466,
    "AdditionalEntryIds": null,
    "ContinentId": 1152,
    "ZoneId": 7004,
    "Position": "5564.242 4517.042 132.0614",
    "TurnInType": 0,
    "MyFaction": 1
  },
  "ActionOrder": 1,
  "Actions": [
    {
      "$type": "CollectObjectsTemplate",
      "TargetObjects": [
        {
          "Hotspot": {
            "Position": "5862.049 4983.673 26.21099",
            "GroundPosition": "0 0 0",
            "IsGroundPosition": false,
            "IsIndoors": true,
            "ContinentId": 1116
          },
          "Name": "Drudgeboat Salvage",
          "EntryId": 230881
        },
        {
          "Hotspot": {
            "Position": "5862.049 4983.673 26.21099",
            "GroundPosition": "0 0 0",
            "IsGroundPosition": false,
            "IsIndoors": true,
            "ContinentId": 1116
          },
          "Name": "Drudgeboat Salvage",
          "EntryId": 230880
        },
        {
          "Hotspot": {
            "Position": "5904.349 4956.492 26.45481",
            "GroundPosition": "0 0 0",
            "IsGroundPosition": false,
            "IsIndoors": true,
            "ContinentId": 1116
          },
          "Name": "Drudgeboat Salvage",
          "EntryId": 230879
        }
      ],
      "HotspotsX": [
        {
          "Position": "5724.89 4901.303 28.19989",
          "GroundPosition": "0 0 0",
          "IsGroundPosition": false,
          "ContinentId": 1116
        },
        {
          "Position": "5692.651 4989.554 32.1028",
          "GroundPosition": "0 0 0",
          "IsGroundPosition": false,
          "ContinentId": 1116
        }
      ],
      "Blackspots": [],
      "IsLoot": true,
      "OpeningCast": false,
      "NoMovement": false,
      "GameObjectiveIndex": 1,
      "RunTime": 5.0
    }
  ]
}