{
  "QuestID": 34829,
  "Version": 4,
  "FactionGroup": 1,
  "CreatedOn": "2014-11-27T01:34:53.4420775Z",
  "UpdatedOn": "2015-08-07T21:37:42.8673071Z",
  "Comment": "",
  "CreatedBy": null,
  "AllowUpdates": false,
  "RecommendedLevel": 96,
  "Frequency": 1,
  "IsStory": true,
  "QuestStart": {
    "ObjectName": "Talonpriest Ishaal",
    "EntryId": 80232,
    "AdditionalEntryIds": null,
    "ContinentId": 1116,
    "ZoneId": 6722,
    "Position": "-20.46354 1771.319 20.50764",
    "TurnInType": 0,
    "MyFaction": 1
  },
  "ActionOrder": 1,
  "Actions": [
    {
      "$type": "KillMobsTemplate",
      "TargetObjects": [
        {
          "Hotspot": {
            "Position": "225.8958 1772.17 34.2333",
            "GroundPosition": "0 0 0",
            "IsGroundPosition": false,
            "ContinentId": 1116
          },
          "Name": "Shattered Hand Cutthroat",
          "EntryId": 80178
        },
        {
          "Hotspot": {
            "Position": "228.6754 1770.576 34.47537",
            "GroundPosition": "0 0 0",
            "IsGroundPosition": false,
            "ContinentId": 1116
          },
          "Name": "Shattered Hand Flayer",
          "EntryId": 80430
        }
      ],
      "HotspotsX": [
        {
          "Position": "200.6695 1792.849 33.8915",
          "GroundPosition": "0 0 0",
          "IsGroundPosition": false,
          "ContinentId": 1116
        }
      ],
      "Blackspots": [],
      "ForceLoot": false,
      "ForcePullMobs": false,
      "GameObjectiveIndex": 1,
      "RunTime": 5.0
    }
  ]
}