{
  "QuestID": 34838,
  "Version": 4,
  "FactionGroup": 1,
  "CreatedOn": "2015-05-15T09:59:22.6298087Z",
  "UpdatedOn": "2015-08-07T21:37:06.2396207Z",
  "Comment": "",
  "CreatedBy": null,
  "AllowUpdates": false,
  "RecommendedLevel": 96,
  "Frequency": 1,
  "QuestStart": {
    "ObjectName": "Kaliri Egg",
    "EntryId": 80470,
    "AdditionalEntryIds": null,
    "ContinentId": 1116,
    "ZoneId": 6722,
    "Position": "-100.6736 1930.181 31.28452",
    "TurnInType": 0,
    "MyFaction": 1
  },
  "QuestEnd": {
    "ObjectName": "Ikky",
    "EntryId": 80469,
    "AdditionalEntryIds": null,
    "ContinentId": 1116,
    "ZoneId": 6722,
    "Position": "-100.8576 1930.196 32.01377",
    "TurnInType": 0,
    "MyFaction": 1
  },
  "ActionOrder": 1,
  "Actions": [
    {
      "$type": "MoveToTemplate",
      "Hotspots": [
        {
          "Position": "-97.19684 1929.861 28.87064",
          "GroundPosition": "0 0 0",
          "IsGroundPosition": false,
          "ContinentId": 1116
        }
      ],
      "PreventMounting": false,
      "GameObjectiveIndex": 0,
      "RunTime": 5.0
    },
    {
      "$type": "CollectObjectsTemplate",
      "TargetObjects": [
        {
          "Hotspot": {
            "Position": "-100.6736 1930.181 31.28452",
            "GroundPosition": "0 0 0",
            "IsGroundPosition": false,
            "ContinentId": 1116
          },
          "Name": "Kaliri Egg",
          "EntryId": 80477
        }
      ],
      "HotspotsX": [
        {
          "Position": "-98.72908 1929.781 28.83195",
          "GroundPosition": "0 0 0",
          "UseCTM": true,
          "IsGroundPosition": false,
          "ContinentId": 1116
        }
      ],
      "Blackspots": [],
      "IsLoot": true,
      "OpeningCast": false,
      "NoMovement": false,
      "GameObjectiveIndex": 1,
      "RunTime": 5.0
    }
  ]
}