{
  "QuestID": 34840,
  "Version": 15,
  "FactionGroup": 1,
  "CreatedOn": "2014-11-24T21:23:07.0495165Z",
  "UpdatedOn": "2015-08-07T11:03:28.9183509Z",
  "Comment": "",
  "CreatedBy": null,
  "AllowUpdates": false,
  "RecommendedLevel": 94,
  "Frequency": 1,
  "QuestStart": {
    "ObjectName": "Morketh Bladehowl",
    "EntryId": 80229,
    "AdditionalEntryIds": null,
    "ContinentId": 1116,
    "ZoneId": 6662,
    "Position": "1677.486 2128.863 143.8436",
    "TurnInType": 0,
    "IsIndoors": true,
    "MyFaction": 0
  },
  "QuestEnd": {
    "ObjectName": "Morketh Bladehowl",
    "EntryId": 80339,
    "AdditionalEntryIds": null,
    "ContinentId": 1116,
    "ZoneId": 6662,
    "Position": "1625.816 1733.194 307.0859",
    "TurnInType": 0,
    "MyFaction": 1
  },
  "ActionOrder": 1,
  "Actions": [
    {
      "$type": "MoveToTemplate",
      "Hotspots": [
        {
          "Position": "1677.093 2043.857 164.8803",
          "GroundPosition": "0 0 0",
          "IsGroundPosition": false,
          "ContinentId": 1116
        }
      ],
      "PreventMounting": false,
      "GameObjectiveIndex": 1,
      "RunTime": 5.0
    },
    {
      "$type": "CollectObjectsTemplate",
      "TargetObjects": [
        {
          "Hotspot": {
            "Position": "1694.616 1929.918 228.7991",
            "GroundPosition": "0 0 0",
            "IsGroundPosition": false,
            "ContinentId": 1116
          },
          "Name": "Gordunni Boulderthrower",
          "EntryId": 230912
        },
        {
          "Hotspot": {
            "Position": "1694.616 1929.918 230.2456",
            "GroundPosition": "0 0 0",
            "IsGroundPosition": false,
            "ContinentId": 1116
          },
          "Name": "Gordunni Boulderthrower",
          "EntryId": 80245
        },
        {
          "Hotspot": {
            "Position": "1728.012 1852.894 262.4622",
            "GroundPosition": "0 0 0",
            "IsGroundPosition": false,
            "ContinentId": 1116
          },
          "Name": "Gordunni Boulderthrower",
          "EntryId": 80246
        },
        {
          "Hotspot": {
            "Position": "1728.012 1852.894 261.9403",
            "GroundPosition": "0 0 0",
            "IsGroundPosition": false,
            "ContinentId": 1116
          },
          "Name": "Gordunni Boulderthrower",
          "EntryId": 230913
        },
        {
          "Hotspot": {
            "Position": "1686.168 2043.464 166.2971",
            "GroundPosition": "0 0 0",
            "IsGroundPosition": false,
            "ContinentId": 1116
          },
          "Name": "Gordunni Boulderthrower",
          "EntryId": 80237
        },
        {
          "Hotspot": {
            "Position": "1686.168 2043.464 166.2137",
            "GroundPosition": "0 0 0",
            "IsGroundPosition": false,
            "ContinentId": 1116
          },
          "Name": "Gordunni Boulderthrower",
          "EntryId": 230889
        }
      ],
      "HotspotsX": [
        {
          "Position": "1680.586 2039.285 166.4257",
          "GroundPosition": "0 0 0",
          "IsGroundPosition": false,
          "ContinentId": 1116
        }
      ],
      "Blackspots": [],
      "IsLoot": true,
      "OpeningCast": false,
      "NoMovement": true,
      "GameObjectiveIndex": 1,
      "RunTime": 5.0
    },
    {
      "$type": "MoveToTemplate",
      "Hotspots": [
        {
          "Position": "1686.166 1927.23 229.2136",
          "GroundPosition": "0 0 0",
          "IsGroundPosition": false,
          "ContinentId": 1116
        }
      ],
      "PreventMounting": false,
      "GameObjectiveIndex": 2,
      "RunTime": 5.0
    },
    {
      "$type": "CollectObjectsTemplate",
      "TargetObjects": [
        {
          "Hotspot": {
            "Position": "1694.616 1929.918 228.7991",
            "GroundPosition": "0 0 0",
            "IsGroundPosition": false,
            "ContinentId": 1116
          },
          "Name": "Gordunni Boulderthrower",
          "EntryId": 230912
        },
        {
          "Hotspot": {
            "Position": "1694.616 1929.918 230.2456",
            "GroundPosition": "0 0 0",
            "IsGroundPosition": false,
            "ContinentId": 1116
          },
          "Name": "Gordunni Boulderthrower",
          "EntryId": 80245
        },
        {
          "Hotspot": {
            "Position": "1728.012 1852.894 262.4622",
            "GroundPosition": "0 0 0",
            "IsGroundPosition": false,
            "ContinentId": 1116
          },
          "Name": "Gordunni Boulderthrower",
          "EntryId": 80246
        },
        {
          "Hotspot": {
            "Position": "1728.012 1852.894 261.9403",
            "GroundPosition": "0 0 0",
            "IsGroundPosition": false,
            "ContinentId": 1116
          },
          "Name": "Gordunni Boulderthrower",
          "EntryId": 230913
        },
        {
          "Hotspot": {
            "Position": "1686.168 2043.464 166.2971",
            "GroundPosition": "0 0 0",
            "IsGroundPosition": false,
            "ContinentId": 1116
          },
          "Name": "Gordunni Boulderthrower",
          "EntryId": 80237
        },
        {
          "Hotspot": {
            "Position": "1686.168 2043.464 166.2137",
            "GroundPosition": "0 0 0",
            "IsGroundPosition": false,
            "ContinentId": 1116
          },
          "Name": "Gordunni Boulderthrower",
          "EntryId": 230889
        }
      ],
      "HotspotsX": [
        {
          "Position": "1687.883 1927.139 229.29",
          "GroundPosition": "0 0 0",
          "IsGroundPosition": false,
          "ContinentId": 1116
        }
      ],
      "Blackspots": [],
      "IsLoot": true,
      "OpeningCast": false,
      "NoMovement": true,
      "GameObjectiveIndex": 2,
      "RunTime": 5.0
    },
    {
      "$type": "MoveToTemplate",
      "Hotspots": [
        {
          "Position": "1720.138 1847.403 261.6667",
          "GroundPosition": "0 0 0",
          "IsGroundPosition": false,
          "ContinentId": 1116
        }
      ],
      "PreventMounting": false,
      "GameObjectiveIndex": 3,
      "RunTime": 5.0
    },
    {
      "$type": "CollectObjectsTemplate",
      "TargetObjects": [
        {
          "Hotspot": {
            "Position": "1694.616 1929.918 228.7991",
            "GroundPosition": "0 0 0",
            "IsGroundPosition": false,
            "ContinentId": 1116
          },
          "Name": "Gordunni Boulderthrower",
          "EntryId": 230912
        },
        {
          "Hotspot": {
            "Position": "1694.616 1929.918 230.2456",
            "GroundPosition": "0 0 0",
            "IsGroundPosition": false,
            "ContinentId": 1116
          },
          "Name": "Gordunni Boulderthrower",
          "EntryId": 80245
        },
        {
          "Hotspot": {
            "Position": "1728.012 1852.894 262.4622",
            "GroundPosition": "0 0 0",
            "IsGroundPosition": false,
            "ContinentId": 1116
          },
          "Name": "Gordunni Boulderthrower",
          "EntryId": 80246
        },
        {
          "Hotspot": {
            "Position": "1728.012 1852.894 261.9403",
            "GroundPosition": "0 0 0",
            "IsGroundPosition": false,
            "ContinentId": 1116
          },
          "Name": "Gordunni Boulderthrower",
          "EntryId": 230913
        },
        {
          "Hotspot": {
            "Position": "1686.168 2043.464 166.2971",
            "GroundPosition": "0 0 0",
            "IsGroundPosition": false,
            "ContinentId": 1116
          },
          "Name": "Gordunni Boulderthrower",
          "EntryId": 80237
        },
        {
          "Hotspot": {
            "Position": "1686.168 2043.464 166.2137",
            "GroundPosition": "0 0 0",
            "IsGroundPosition": false,
            "ContinentId": 1116
          },
          "Name": "Gordunni Boulderthrower",
          "EntryId": 230889
        }
      ],
      "HotspotsX": [
        {
          "Position": "1721.939 1847.748 261.7364",
          "GroundPosition": "0 0 0",
          "IsGroundPosition": false,
          "ContinentId": 1116
        }
      ],
      "Blackspots": [],
      "IsLoot": true,
      "OpeningCast": false,
      "NoMovement": true,
      "GameObjectiveIndex": 3,
      "RunTime": 5.0
    },
    {
      "$type": "MoveToTemplate",
      "Hotspots": [
        {
          "Position": "1696.407 1812.23 268.7344",
          "GroundPosition": "0 0 0",
          "IsGroundPosition": false,
          "ContinentId": 1116
        }
      ],
      "PreventMounting": false,
      "GameObjectiveIndex": 4,
      "RunTime": 5.0
    },
    {
      "$type": "MoveToTemplate",
      "Hotspots": [
        {
          "Position": "1663.581 1733.272 295.3703",
          "GroundPosition": "0 0 0",
          "IsGroundPosition": false,
          "ContinentId": 1116
        }
      ],
      "PreventMounting": false,
      "GameObjectiveIndex": 4,
      "RunTime": 5.0
    },
    {
      "$type": "WaitTemplate",
      "TimeSeconds": 5.0,
      "GameObjectiveIndex": 4,
      "RunTime": 5.0
    },
    {
      "$type": "CollectObjectsTemplate",
      "TargetObjects": [
        {
          "Hotspot": {
            "Position": "1655.939 1738.37 299.1087",
            "GroundPosition": "0 0 0",
            "IsGroundPosition": false,
            "ContinentId": 1116
          },
          "Name": "Grappling Hook and rope",
          "EntryId": 230949
        }
      ],
      "HotspotsX": [
        {
          "Position": "1658.82 1737.032 298.068",
          "GroundPosition": "0 0 0",
          "IsGroundPosition": false,
          "ContinentId": 1116
        }
      ],
      "Blackspots": [],
      "IsLoot": true,
      "OpeningCast": false,
      "NoMovement": false,
      "GameObjectiveIndex": 4,
      "RunTime": 5.0
    },
    {
      "$type": "WaitTemplate",
      "TimeSeconds": 12.0,
      "GameObjectiveIndex": 5,
      "RunTime": 5.0
    }
  ]
}