{
  "QuestID": 34855,
  "Version": 22,
  "FactionGroup": 1,
  "CreatedOn": "2014-11-24T21:45:10.7311044Z",
  "UpdatedOn": "2015-08-07T11:03:40.3062135Z",
  "Comment": "",
  "CreatedBy": null,
  "AllowUpdates": false,
  "RecommendedLevel": 94,
  "Frequency": 1,
  "QuestStart": {
    "ObjectName": "Morketh Bladehowl",
    "EntryId": 80339,
    "AdditionalEntryIds": [
      80229
    ],
    "ContinentId": 1116,
    "ZoneId": 6662,
    "Position": "1625.816 1733.194 307.0858",
    "TurnInType": 0,
    "MyFaction": 1
  },
  "QuestEnd": {
    "ObjectName": "Morketh Bladehowl",
    "EntryId": 80229,
    "AdditionalEntryIds": null,
    "ContinentId": 1116,
    "ZoneId": 6662,
    "Position": "1188.294 1949.62 351.8284",
    "TurnInType": 0,
    "MyFaction": 1
  },
  "UseScript": true,
  "ScriptText": "{\r\n  \"Children\": [\r\n    {\r\n      \"$type\": \"While\",\r\n      \"LoopActions\": {\r\n        \"Children\": [\r\n          {\r\n            \"$type\": \"While\",\r\n            \"LoopActions\": {\r\n              \"Children\": [\r\n                {\r\n                  \"$type\": \"Comment\",\r\n                  \"Text\": \"Heading to kill Vizier Vorgorsh\",\r\n                  \"Color\": \"64, 128, 128\"\r\n                },\r\n                {\r\n                  \"$type\": \"MoveTo\",\r\n                  \"Hotspot\": {\r\n                    \"Position\": \"1158.263 1739.826 329.7229\",\r\n                    \"GroundPosition\": \"1158.263 1739.826 330.6899\",\r\n                    \"IsGroundPosition\": false,\r\n                    \"ContinentId\": 1116\r\n                  },\r\n                  \"Method\": \"Navi\"\r\n                },\r\n                {\r\n                  \"$type\": \"CSharpAction\",\r\n                  \"CSharpCode\": \"DisableCombat = true;\"\r\n                },\r\n                {\r\n                  \"$type\": \"Wait\",\r\n                  \"Delay\": 1.0,\r\n                  \"DelayMax\": 0.0\r\n                },\r\n                {\r\n                  \"$type\": \"MoveTo\",\r\n                  \"Hotspot\": {\r\n                    \"Position\": \"1136.442 1745.657 332.4053\",\r\n                    \"GroundPosition\": \"0 0 0\",\r\n                    \"UseCTM\": true,\r\n                    \"NoMount\": true,\r\n                    \"IsGroundPosition\": false,\r\n                    \"IsIndoors\": true,\r\n                    \"ContinentId\": 1116\r\n                  }\r\n                },\r\n                {\r\n                  \"$type\": \"CSharpAction\",\r\n                  \"CSharpCode\": \"DisableCombat = false;\\r\\n\"\r\n                },\r\n                {\r\n                  \"$type\": \"While\",\r\n                  \"LoopActions\": {\r\n                    \"Children\": [\r\n                      {\r\n                        \"$type\": \"KillMobsTemplateScriptAction\",\r\n                        \"Template\": {\r\n                          \"$type\": \"KillMobsTemplate\",\r\n                          \"TargetObjects\": [\r\n                            {\r\n                              \"Hotspot\": {\r\n                                \"Position\": \"1135.076 1746.431 332.4251\",\r\n                                \"GroundPosition\": \"0 0 0\",\r\n                                \"IsGroundPosition\": false,\r\n                                \"IsIndoors\": true,\r\n                                \"ContinentId\": 1116\r\n                              },\r\n                              \"Name\": \"Vizier Vorgorsh\",\r\n                              \"EntryId\": 80294,\r\n                              \"CSharpCode\": \"\"\r\n                            }\r\n                          ],\r\n                          \"HotspotsX\": [\r\n                            {\r\n                              \"Position\": \"1136.804 1746.227 332.3978\",\r\n                              \"GroundPosition\": \"0 0 0\",\r\n                              \"UseCTM\": true,\r\n                              \"NoMount\": true,\r\n                              \"IsCaveEntry\": true,\r\n                              \"IsGroundPosition\": false,\r\n                              \"IsIndoors\": true,\r\n                              \"ContinentId\": 1116\r\n                            }\r\n                          ],\r\n                          \"Blackspots\": [],\r\n                          \"ForceLoot\": true,\r\n                          \"ForcePullMobs\": false,\r\n                          \"GameObjectiveIndex\": 1,\r\n                          \"RunTime\": 5.0\r\n                        },\r\n                        \"TimeLimit\": 5\r\n                      }\r\n                    ],\r\n                    \"IsSpecialElement\": true,\r\n                    \"SpecialElementName\": \"Do\",\r\n                    \"GroupName\": \"\"\r\n                  },\r\n                  \"Condition\": {\r\n                    \"$type\": \"CSharpCondition\",\r\n                    \"CSharpCode\": \"!IsQuestObjectiveComplete(34855,1)\"\r\n                  },\r\n                  \"IsNot\": false\r\n                },\r\n                {\r\n                  \"$type\": \"Wait\",\r\n                  \"Delay\": 1.0,\r\n                  \"DelayMax\": 0.0\r\n                },\r\n                {\r\n                  \"$type\": \"MoveTo\",\r\n                  \"Hotspot\": {\r\n                    \"Position\": \"1148.574 1742.257 332.6736\",\r\n                    \"GroundPosition\": \"1145.125 1744.062 332.5938\",\r\n                    \"UseCTM\": true,\r\n                    \"NoMount\": true,\r\n                    \"IsIndoors\": true,\r\n                    \"ContinentId\": 1116\r\n                  }\r\n                },\r\n                {\r\n                  \"$type\": \"MoveTo\",\r\n                  \"Hotspot\": {\r\n                    \"Position\": \"1160.994 1738.62 329.7225\",\r\n                    \"GroundPosition\": \"1160.994 1738.62 330.4157\",\r\n                    \"UseCTM\": true,\r\n                    \"NoMount\": true,\r\n                    \"IsGroundPosition\": false,\r\n                    \"ContinentId\": 1116\r\n                  }\r\n                }\r\n              ],\r\n              \"IsSpecialElement\": true,\r\n              \"SpecialElementName\": \"Do\",\r\n              \"GroupName\": \"\"\r\n            },\r\n            \"Condition\": {\r\n              \"$type\": \"CSharpCondition\",\r\n              \"CSharpCode\": \"!IsQuestObjectiveComplete(34855,1)\"\r\n            },\r\n            \"IsNot\": false\r\n          },\r\n          {\r\n            \"$type\": \"While\",\r\n            \"LoopActions\": {\r\n              \"Children\": [\r\n                {\r\n                  \"$type\": \"Comment\",\r\n                  \"Text\": \"Heading to kill Vizier Zulmork\",\r\n                  \"Color\": \"64, 128, 128\"\r\n                },\r\n                {\r\n                  \"$type\": \"MoveTo\",\r\n                  \"Hotspot\": {\r\n                    \"Position\": \"1339.365 1832.523 345.2033\",\r\n                    \"GroundPosition\": \"1339.365 1832.523 345.9848\",\r\n                    \"IsGroundPosition\": false,\r\n                    \"ContinentId\": 1116\r\n                  },\r\n                  \"Method\": \"Navi\"\r\n                },\r\n                {\r\n                  \"$type\": \"CSharpAction\",\r\n                  \"CSharpCode\": \"DisableCombat = true;\"\r\n                },\r\n                {\r\n                  \"$type\": \"Wait\",\r\n                  \"Delay\": 1.0,\r\n                  \"DelayMax\": 0.0\r\n                },\r\n                {\r\n                  \"$type\": \"MoveTo\",\r\n                  \"Hotspot\": {\r\n                    \"Position\": \"1365.395 1830.091 349.1177\",\r\n                    \"GroundPosition\": \"0 0 0\",\r\n                    \"UseCTM\": true,\r\n                    \"NoMount\": true,\r\n                    \"IsGroundPosition\": false,\r\n                    \"IsIndoors\": true,\r\n                    \"ContinentId\": 1116\r\n                  }\r\n                },\r\n                {\r\n                  \"$type\": \"CSharpAction\",\r\n                  \"CSharpCode\": \"DisableCombat = false;\"\r\n                },\r\n                {\r\n                  \"$type\": \"While\",\r\n                  \"LoopActions\": {\r\n                    \"Children\": [\r\n                      {\r\n                        \"$type\": \"KillMobsTemplateScriptAction\",\r\n                        \"Template\": {\r\n                          \"$type\": \"KillMobsTemplate\",\r\n                          \"TargetObjects\": [\r\n                            {\r\n                              \"Hotspot\": {\r\n                                \"Position\": \"1368.76 1830.574 349.1357\",\r\n                                \"GroundPosition\": \"0 0 0\",\r\n                                \"IsGroundPosition\": false,\r\n                                \"IsIndoors\": true,\r\n                                \"ContinentId\": 1116\r\n                              },\r\n                              \"Name\": \"Vizier Zulmork\",\r\n                              \"EntryId\": 80292\r\n                            }\r\n                          ],\r\n                          \"HotspotsX\": [\r\n                            {\r\n                              \"Position\": \"1366.135 1830.037 349.1256\",\r\n                              \"GroundPosition\": \"0 0 0\",\r\n                              \"UseCTM\": true,\r\n                              \"NoMount\": true,\r\n                              \"IsCaveEntry\": true,\r\n                              \"IsGroundPosition\": false,\r\n                              \"IsIndoors\": true,\r\n                              \"ContinentId\": 1116\r\n                            }\r\n                          ],\r\n                          \"Blackspots\": [],\r\n                          \"ForceLoot\": true,\r\n                          \"ForcePullMobs\": false,\r\n                          \"GameObjectiveIndex\": 1,\r\n                          \"RunTime\": 5.0\r\n                        },\r\n                        \"TimeLimit\": 5\r\n                      }\r\n                    ],\r\n                    \"IsSpecialElement\": true,\r\n                    \"SpecialElementName\": \"Do\",\r\n                    \"GroupName\": \"\"\r\n                  },\r\n                  \"Condition\": {\r\n                    \"$type\": \"CSharpCondition\",\r\n                    \"CSharpCode\": \"!IsQuestObjectiveComplete(34855,2)\"\r\n                  },\r\n                  \"IsNot\": false\r\n                },\r\n                {\r\n                  \"$type\": \"Wait\",\r\n                  \"Delay\": 1.0,\r\n                  \"DelayMax\": 0.0\r\n                },\r\n                {\r\n                  \"$type\": \"MoveTo\",\r\n                  \"Hotspot\": {\r\n                    \"Position\": \"1351.947 1831.592 349.3737\",\r\n                    \"GroundPosition\": \"0 0 0\",\r\n                    \"UseCTM\": true,\r\n                    \"NoMount\": true,\r\n                    \"IsIndoors\": true,\r\n                    \"ContinentId\": 1116\r\n                  }\r\n                },\r\n                {\r\n                  \"$type\": \"MoveTo\",\r\n                  \"Hotspot\": {\r\n                    \"Position\": \"1339.689 1832.51 345.2463\",\r\n                    \"GroundPosition\": \"0 0 0\",\r\n                    \"UseCTM\": true,\r\n                    \"NoMount\": true,\r\n                    \"IsGroundPosition\": false,\r\n                    \"ContinentId\": 1116\r\n                  }\r\n                }\r\n              ],\r\n              \"IsSpecialElement\": true,\r\n              \"SpecialElementName\": \"Do\",\r\n              \"GroupName\": \"\"\r\n            },\r\n            \"Condition\": {\r\n              \"$type\": \"CSharpCondition\",\r\n              \"CSharpCode\": \"!IsQuestObjectiveComplete(34855,2)\"\r\n            },\r\n            \"IsNot\": false\r\n          },\r\n          {\r\n            \"$type\": \"While\",\r\n            \"LoopActions\": {\r\n              \"Children\": [\r\n                {\r\n                  \"$type\": \"Comment\",\r\n                  \"Text\": \"Heading to kill Vizier Cromaug Slain\",\r\n                  \"Color\": \"64, 128, 128\"\r\n                },\r\n                {\r\n                  \"$type\": \"MoveTo\",\r\n                  \"Hotspot\": {\r\n                    \"Position\": \"1233.294 1891.097 340.1999\",\r\n                    \"GroundPosition\": \"1233.294 1891.097 340.1178\",\r\n                    \"IsGroundPosition\": false,\r\n                    \"ContinentId\": 1116\r\n                  },\r\n                  \"Method\": \"Navi\"\r\n                },\r\n                {\r\n                  \"$type\": \"CSharpAction\",\r\n                  \"CSharpCode\": \"DisableCombat = true;\"\r\n                },\r\n                {\r\n                  \"$type\": \"Wait\",\r\n                  \"Delay\": 1.0,\r\n                  \"DelayMax\": 0.0\r\n                },\r\n                {\r\n                  \"$type\": \"MoveTo\",\r\n                  \"Hotspot\": {\r\n                    \"Position\": \"1205.736 1886.251 343.7899\",\r\n                    \"GroundPosition\": \"0 0 0\",\r\n                    \"UseCTM\": true,\r\n                    \"NoMount\": true,\r\n                    \"IsGroundPosition\": false,\r\n                    \"IsIndoors\": true,\r\n                    \"ContinentId\": 1116\r\n                  }\r\n                },\r\n                {\r\n                  \"$type\": \"CSharpAction\",\r\n                  \"CSharpCode\": \"DisableCombat = false;\"\r\n                },\r\n                {\r\n                  \"$type\": \"While\",\r\n                  \"LoopActions\": {\r\n                    \"Children\": [\r\n                      {\r\n                        \"$type\": \"KillMobsTemplateScriptAction\",\r\n                        \"Template\": {\r\n                          \"$type\": \"KillMobsTemplate\",\r\n                          \"TargetObjects\": [\r\n                            {\r\n                              \"Hotspot\": {\r\n                                \"Position\": \"1203.583 1886.641 343.8006\",\r\n                                \"GroundPosition\": \"0 0 0\",\r\n                                \"IsGroundPosition\": false,\r\n                                \"IsIndoors\": true,\r\n                                \"ContinentId\": 1116\r\n                              },\r\n                              \"Name\": \"Vizier Cromaug\",\r\n                              \"EntryId\": 80295\r\n                            }\r\n                          ],\r\n                          \"HotspotsX\": [\r\n                            {\r\n                              \"Position\": \"1205.496 1887.743 343.7892\",\r\n                              \"GroundPosition\": \"0 0 0\",\r\n                              \"UseCTM\": true,\r\n                              \"NoMount\": true,\r\n                              \"IsCaveEntry\": true,\r\n                              \"IsGroundPosition\": false,\r\n                              \"IsIndoors\": true,\r\n                              \"ContinentId\": 1116\r\n                            }\r\n                          ],\r\n                          \"Blackspots\": [],\r\n                          \"ForceLoot\": true,\r\n                          \"ForcePullMobs\": false,\r\n                          \"GameObjectiveIndex\": 1,\r\n                          \"RunTime\": 5.0\r\n                        },\r\n                        \"TimeLimit\": 5\r\n                      }\r\n                    ],\r\n                    \"IsSpecialElement\": true,\r\n                    \"SpecialElementName\": \"Do\",\r\n                    \"GroupName\": \"\"\r\n                  },\r\n                  \"Condition\": {\r\n                    \"$type\": \"CSharpCondition\",\r\n                    \"CSharpCode\": \"!IsQuestObjectiveComplete(34855,3)\"\r\n                  },\r\n                  \"IsNot\": false\r\n                },\r\n                {\r\n                  \"$type\": \"Wait\",\r\n                  \"Delay\": 1.0,\r\n                  \"DelayMax\": 0.0\r\n                },\r\n                {\r\n                  \"$type\": \"MoveTo\",\r\n                  \"Hotspot\": {\r\n                    \"Position\": \"1219.886 1889.555 344.0427\",\r\n                    \"GroundPosition\": \"0 0 0\",\r\n                    \"UseCTM\": true,\r\n                    \"NoMount\": true,\r\n                    \"IsIndoors\": true,\r\n                    \"ContinentId\": 1116\r\n                  }\r\n                },\r\n                {\r\n                  \"$type\": \"Wait\",\r\n                  \"Delay\": 2.0,\r\n                  \"DelayMax\": 0.0\r\n                },\r\n                {\r\n                  \"$type\": \"MoveTo\",\r\n                  \"Hotspot\": {\r\n                    \"Position\": \"1231.33 1889.986 340.3467\",\r\n                    \"GroundPosition\": \"0 0 0\",\r\n                    \"UseCTM\": true,\r\n                    \"NoMount\": true,\r\n                    \"IsGroundPosition\": false,\r\n                    \"ContinentId\": 1116\r\n                  }\r\n                }\r\n              ],\r\n              \"IsSpecialElement\": true,\r\n              \"SpecialElementName\": \"Do\",\r\n              \"GroupName\": \"\"\r\n            },\r\n            \"Condition\": {\r\n              \"$type\": \"CSharpCondition\",\r\n              \"CSharpCode\": \"!IsQuestObjectiveComplete(34855,3)\"\r\n            },\r\n            \"IsNot\": false\r\n          }\r\n        ],\r\n        \"IsSpecialElement\": true,\r\n        \"SpecialElementName\": \"Do\",\r\n        \"GroupName\": \"\"\r\n      },\r\n      \"Condition\": {\r\n        \"$type\": \"CSharpCondition\",\r\n        \"CSharpCode\": \"!IsQuestInLogAndComplete(34855) && HasQuest(34855)\"\r\n      },\r\n      \"IsNot\": false\r\n    }\r\n  ],\r\n  \"GroupName\": \"\"\r\n}",
  "ActionOrder": 1,
  "Actions": []
}