{
  "QuestID": 34860,
  "Version": 6,
  "FactionGroup": 1,
  "CreatedOn": "2014-11-24T21:51:39.003224Z",
  "UpdatedOn": "2015-08-07T11:03:57.4324411Z",
  "Comment": "",
  "CreatedBy": null,
  "AllowUpdates": false,
  "RecommendedLevel": 94,
  "Frequency": 1,
  "IsStory": true,
  "QuestStart": {
    "ObjectName": "Morketh Bladehowl",
    "EntryId": 80339,
    "AdditionalEntryIds": null,
    "ContinentId": 1116,
    "ZoneId": 6662,
    "Position": "1625.816 1733.194 307.0858",
    "TurnInType": 0,
    "MyFaction": 1
  },
  "QuestEnd": {
    "ObjectName": "Morketh Bladehowl",
    "EntryId": 80229,
    "AdditionalEntryIds": null,
    "ContinentId": 1116,
    "ZoneId": 6662,
    "Position": "1188.294 1949.62 351.8284",
    "TurnInType": 0,
    "MyFaction": 1
  },
  "ActionOrder": 1,
  "Actions": [
    {
      "$type": "CollectObjectsTemplate",
      "TargetObjects": [
        {
          "Hotspot": {
            "Position": "1439.089 1733.406 306.4536",
            "GroundPosition": "0 0 0",
            "IsGroundPosition": false,
            "ContinentId": 1116
          },
          "Name": "Iron Horde Shipment",
          "EntryId": 80323
        }
      ],
      "HotspotsX": [
        {
          "Position": "1396.729 1718.115 311.3235",
          "GroundPosition": "0 0 0",
          "IsGroundPosition": false,
          "ContinentId": 1116
        }
      ],
      "Blackspots": [],
      "IsLoot": true,
      "OpeningCast": false,
      "NoMovement": false,
      "GameObjectiveIndex": 1,
      "RunTime": 5.0
    }
  ]
}