{
  "QuestID": 34867,
  "Version": 6,
  "FactionGroup": 1,
  "CreatedOn": "2014-11-19T01:45:19.0963555Z",
  "UpdatedOn": "2015-08-07T08:50:25.3163076Z",
  "Comment": "",
  "CreatedBy": null,
  "AllowUpdates": false,
  "RecommendedLevel": 92,
  "Frequency": 1,
  "QuestStart": {
    "ObjectName": "Durotan",
    "EntryId": 88120,
    "AdditionalEntryIds": [
      76484
    ],
    "ContinentId": 1116,
    "ZoneId": 6720,
    "Position": "6038.258 2728.186 208.0173",
    "TurnInType": 0,
    "MyFaction": 1
  },
  "QuestEnd": {
    "ObjectName": "Durotan",
    "EntryId": 74594,
    "AdditionalEntryIds": null,
    "ContinentId": 1116,
    "ZoneId": 6721,
    "Position": "5392.558 2018.155 175.3702",
    "TurnInType": 0,
    "MyFaction": 1
  },
  "ActionOrder": 1,
  "Actions": []
}