{
  "QuestID": 34882,
  "Version": 3,
  "FactionGroup": 1,
  "CreatedOn": "2014-11-27T01:47:49.0705128Z",
  "UpdatedOn": "2015-08-07T21:38:35.4497244Z",
  "Comment": "",
  "CreatedBy": null,
  "AllowUpdates": false,
  "RecommendedLevel": 96,
  "Frequency": 1,
  "IsStory": true,
  "QuestStart": {
    "ObjectName": "Talonpriest Zellek",
    "EntryId": 80508,
    "AdditionalEntryIds": null,
    "ContinentId": 1116,
    "ZoneId": 6722,
    "Position": "413.75 1985.182 10.11655",
    "TurnInType": 0,
    "MyFaction": 1
  },
  "ActionOrder": 1,
  "Actions": [
    {
      "$type": "KillMobsTemplate",
      "TargetObjects": [
        {
          "Hotspot": {
            "Position": "304.091 2103.963 7.083988",
            "GroundPosition": "0 0 0",
            "IsGroundPosition": false,
            "ContinentId": 1116
          },
          "Name": "Malrok Thornscar",
          "EntryId": 80509
        }
      ],
      "HotspotsX": [
        {
          "Position": "314.9007 2086.052 3.91782",
          "GroundPosition": "0 0 0",
          "IsGroundPosition": false,
          "ContinentId": 1116
        }
      ],
      "Blackspots": [],
      "ForceLoot": false,
      "ForcePullMobs": false,
      "GameObjectiveIndex": 1,
      "RunTime": 5.0
    }
  ]
}