{
  "QuestID": 34883,
  "Version": 6,
  "FactionGroup": 1,
  "CreatedOn": "2014-11-27T01:49:51.2625416Z",
  "UpdatedOn": "2015-08-07T21:38:43.5976649Z",
  "Comment": "",
  "CreatedBy": null,
  "AllowUpdates": false,
  "RecommendedLevel": 96,
  "Frequency": 1,
  "IsStory": true,
  "QuestStart": {
    "ObjectName": "Talonpriest Zellek",
    "EntryId": 80508,
    "AdditionalEntryIds": null,
    "ContinentId": 1116,
    "ZoneId": 6722,
    "Position": "413.75 1985.182 10.11655",
    "TurnInType": 0,
    "IsIndoors": true,
    "MyFaction": 0
  },
  "ActionOrder": 1,
  "Actions": [
    {
      "$type": "KillMobsTemplate",
      "TargetObjects": [
        {
          "Hotspot": {
            "Position": "319.7676 2055.852 0.3668544",
            "GroundPosition": "0 0 0",
            "IsGroundPosition": false,
            "ContinentId": 1116
          },
          "Name": "Essence Fiend",
          "EntryId": 80512
        },
        {
          "Hotspot": {
            "Position": "372.9894 2051.5 -5.238992",
            "GroundPosition": "0 0 0",
            "IsGroundPosition": false,
            "ContinentId": 1116
          },
          "Name": "Face-Stealer",
          "EntryId": 79973
        }
      ],
      "HotspotsX": [
        {
          "Position": "464.7465 2036.769 6.390307",
          "GroundPosition": "0 0 0",
          "IsGroundPosition": false,
          "ContinentId": 1116
        },
        {
          "Position": "342.0245 2046.461 -2.611233",
          "GroundPosition": "0 0 0",
          "IsGroundPosition": false,
          "ContinentId": 1116
        },
        {
          "Position": "342.783 1985.924 2.929443",
          "GroundPosition": "0 0 0",
          "IsGroundPosition": false,
          "ContinentId": 1116
        }
      ],
      "Blackspots": [],
      "ForceLoot": true,
      "ForcePullMobs": false,
      "GameObjectiveIndex": 1,
      "RunTime": 5.0
    }
  ]
}