{
  "QuestID": 34914,
  "Version": 3,
  "FactionGroup": 1,
  "CreatedOn": "2014-11-29T15:52:33.5517919Z",
  "UpdatedOn": "2015-08-12T23:32:40.4709524Z",
  "Comment": "",
  "CreatedBy": null,
  "AllowUpdates": false,
  "RecommendedLevel": 98,
  "Frequency": 1,
  "QuestStart": {
    "ObjectName": "Aggra",
    "EntryId": 81189,
    "AdditionalEntryIds": null,
    "ContinentId": 1116,
    "ZoneId": 6755,
    "Position": "3217.729 4605.201 143.6772",
    "TurnInType": 0,
    "IsIndoors": true,
    "MyFaction": 0
  },
  "QuestEnd": {
    "ObjectName": "Shadow Hunter Kajassa",
    "EntryId": 80429,
    "AdditionalEntryIds": null,
    "ContinentId": 1116,
    "ZoneId": 6755,
    "Position": "2482.116 5418.397 136.8112",
    "TurnInType": 0,
    "MyFaction": 1
  },
  "ActionOrder": 1,
  "Actions": []
}