{
  "QuestID": 34942,
  "Version": 3,
  "FactionGroup": 1,
  "CreatedOn": "2015-06-29T12:40:16.1768228Z",
  "UpdatedOn": "2015-08-07T21:39:04.3376534Z",
  "Comment": "",
  "CreatedBy": null,
  "AllowUpdates": false,
  "RecommendedLevel": 96,
  "Frequency": 1,
  "IsStory": true,
  "QuestStart": {
    "ObjectName": "Talonpriest Zellek",
    "EntryId": 80508,
    "AdditionalEntryIds": null,
    "ContinentId": 1116,
    "ZoneId": 6722,
    "Position": "413.75 1985.182 10.11658",
    "TurnInType": 0,
    "MyFaction": 1
  },
  "QuestEnd": {
    "ObjectName": "Shadow-Sage Iskar",
    "EntryId": 80153,
    "AdditionalEntryIds": null,
    "ContinentId": 1116,
    "ZoneId": 6722,
    "Position": "-496.2379 1857.922 44.78157",
    "TurnInType": 0,
    "MyFaction": 1
  },
  "ActionOrder": 1,
  "Actions": []
}