{
  "QuestID": 34958,
  "Version": 3,
  "FactionGroup": 1,
  "CreatedOn": "2014-11-13T09:59:42.1194285Z",
  "UpdatedOn": "2015-08-06T19:20:04.9573573Z",
  "Comment": "",
  "CreatedBy": null,
  "AllowUpdates": false,
  "QuestStart": {
    "ObjectName": "Thaelin Darkanvil",
    "EntryId": 78568,
    "AdditionalEntryIds": null,
    "ContinentId": 1265,
    "ZoneId": 7025,
    "Position": "4364.854 -2115.491 2.372085",
    "TurnInType": 0,
    "MyFaction": 1
  },
  "ActionOrder": 1,
  "Actions": [
    {
      "$type": "KillMobsTemplate",
      "TargetObjects": [
        {
          "Hotspot": {
            "Position": "4321.235 -2083.526 1.048905",
            "GroundPosition": "0 0 0",
            "IsGroundPosition": false,
            "ContinentId": 1265
          },
          "Name": "Blackrock Laborer",
          "EntryId": 81063
        },
        {
          "Hotspot": {
            "Position": "4278.245 -2100.669 1.186392",
            "GroundPosition": "0 0 0",
            "IsGroundPosition": false,
            "ContinentId": 1265
          },
          "Name": "Blackrock Machinist",
          "EntryId": 80468
        }
      ],
      "HotspotsX": [
        {
          "Position": "4299.012 -2087.233 0.8831631",
          "GroundPosition": "0 0 0",
          "IsGroundPosition": false,
          "ContinentId": 1265
        },
        {
          "Position": "4236.587 -2041.876 1.005037",
          "GroundPosition": "0 0 0",
          "IsGroundPosition": false,
          "ContinentId": 1265
        },
        {
          "Position": "4205.338 -2091.342 1.156419",
          "GroundPosition": "0 0 0",
          "IsGroundPosition": false,
          "ContinentId": 1265
        }
      ],
      "Blackspots": [],
      "ForceLoot": true,
      "ForcePullMobs": false,
      "GameObjectiveIndex": 1,
      "RunTime": 5.0
    }
  ]
}