{
  "QuestID": 34991,
  "Version": 3,
  "FactionGroup": 1,
  "CreatedOn": "2015-06-29T12:40:16.3368319Z",
  "UpdatedOn": "2015-08-07T21:50:21.2020624Z",
  "Comment": "",
  "CreatedBy": null,
  "AllowUpdates": false,
  "RecommendedLevel": 96,
  "Frequency": 1,
  "IsStory": true,
  "QuestStart": {
    "ObjectName": "Iktis of the Flock",
    "EntryId": 80639,
    "AdditionalEntryIds": null,
    "ContinentId": 1116,
    "ZoneId": 6722,
    "Position": "-594.8143 1712.438 23.28484",
    "TurnInType": 0,
    "IsIndoors": true,
    "MyFaction": 0
  },
  "ActionOrder": 1,
  "Actions": [
    {
      "$type": "KillMobsTemplate",
      "TargetObjects": [
        {
          "Hotspot": {
            "Position": "-698.573 1731.564 50.85015",
            "GroundPosition": "0 0 0",
            "IsGroundPosition": false,
            "ContinentId": 1116
          },
          "Name": "Stonescale",
          "EntryId": 80694
        }
      ],
      "HotspotsX": [
        {
          "Position": "-677.8123 1740.173 50.07963",
          "GroundPosition": "0 0 0",
          "IsGroundPosition": false,
          "ContinentId": 1116
        }
      ],
      "Blackspots": [],
      "ForceLoot": true,
      "ForcePullMobs": false,
      "GameObjectiveIndex": 1,
      "RunTime": 5.0
    }
  ]
}