{
  "QuestID": 34998,
  "Version": 3,
  "FactionGroup": 1,
  "CreatedOn": "2014-11-27T18:20:32.5694821Z",
  "UpdatedOn": "2015-08-07T21:36:16.505386Z",
  "Comment": "",
  "CreatedBy": null,
  "AllowUpdates": false,
  "RecommendedLevel": 96,
  "Frequency": 1,
  "QuestStart": {
    "ObjectName": "Reshad",
    "EntryId": 81770,
    "AdditionalEntryIds": null,
    "ContinentId": 1116,
    "ZoneId": 6722,
    "Position": "-464.1493 1901.349 47.01553",
    "TurnInType": 0,
    "IsIndoors": true,
    "MyFaction": 0
  },
  "QuestEnd": {
    "ObjectName": "Talon Guard Kurekk",
    "EntryId": 80758,
    "AdditionalEntryIds": null,
    "ContinentId": 1116,
    "ZoneId": 6722,
    "Position": "-340.4063 909.9462 75.37673",
    "TurnInType": 0,
    "MyFaction": 1
  },
  "ActionOrder": 1,
  "Actions": []
}