{
  "QuestID": 35002,
  "Version": 6,
  "FactionGroup": 1,
  "CreatedOn": "2014-11-28T15:30:03.9820775Z",
  "UpdatedOn": "2015-08-07T21:44:05.8978059Z",
  "Comment": "",
  "CreatedBy": null,
  "AllowUpdates": false,
  "RecommendedLevel": 96,
  "Frequency": 1,
  "IsStory": true,
  "QuestStart": {
    "ObjectName": "Talon Guard Kurekk",
    "EntryId": 80758,
    "AdditionalEntryIds": null,
    "ContinentId": 1116,
    "ZoneId": 6722,
    "Position": "-340.4063 909.9462 75.37675",
    "TurnInType": 0,
    "MyFaction": 1
  },
  "QuestEnd": {
    "ObjectName": "Offering Bowl",
    "EntryId": 231184,
    "AdditionalEntryIds": [],
    "ContinentId": 1116,
    "ZoneId": 6722,
    "Position": "-691.7994 634.0176 72.33684",
    "TurnInType": 1,
    "IsIndoors": true,
    "MyFaction": 1
  },
  "ActionOrder": 1,
  "Actions": [
    {
      "$type": "KillMobsTemplate",
      "TargetObjects": [
        {
          "Hotspot": {
            "Position": "-559.774 624.7913 60.51999",
            "GroundPosition": "0 0 0",
            "IsGroundPosition": false,
            "ContinentId": 1116
          },
          "Name": "Sethekk Wind Serpent",
          "EntryId": 80643
        }
      ],
      "HotspotsX": [
        {
          "Position": "-505.9343 634.3385 57.36251",
          "GroundPosition": "0 0 0",
          "IsGroundPosition": false,
          "ContinentId": 1116
        }
      ],
      "Blackspots": [],
      "ForceLoot": false,
      "ForcePullMobs": false,
      "GameObjectiveIndex": 1,
      "RunTime": 5.0
    }
  ]
}