{
  "QuestID": 35029,
  "Version": 3,
  "FactionGroup": 1,
  "CreatedOn": "2014-11-19T20:03:01.034588Z",
  "UpdatedOn": "2015-08-07T09:47:56.8973203Z",
  "Comment": "",
  "CreatedBy": null,
  "AllowUpdates": false,
  "RecommendedLevel": 93,
  "Frequency": 1,
  "QuestStart": {
    "ObjectName": "Grulkor",
    "EntryId": 80757,
    "AdditionalEntryIds": null,
    "ContinentId": 1116,
    "ZoneId": 6721,
    "Position": "6213.181 389.1927 4.079235",
    "TurnInType": 0,
    "IsIndoors": true,
    "MyFaction": 0
  },
  "ActionOrder": 1,
  "Actions": [
    {
      "$type": "CollectObjectsTemplate",
      "TargetObjects": [
        {
          "Hotspot": {
            "Position": "6314.89 394.1667 -0.6719012",
            "GroundPosition": "0 0 0",
            "IsGroundPosition": false,
            "ContinentId": 1116
          },
          "Name": "Glowing Mushroom",
          "EntryId": 231769
        }
      ],
      "HotspotsX": [
        {
          "Position": "6230.106 380.4834 2.582249",
          "GroundPosition": "0 0 0",
          "IsGroundPosition": false,
          "ContinentId": 1116
        }
      ],
      "Blackspots": [],
      "IsLoot": true,
      "OpeningCast": true,
      "NoMovement": false,
      "GameObjectiveIndex": 1,
      "RunTime": 5.0
    }
  ]
}