{
  "QuestID": 35058,
  "Version": 4,
  "FactionGroup": 1,
  "CreatedOn": "2015-01-20T05:09:15.8346965Z",
  "UpdatedOn": "2015-08-06T21:33:28.5177769Z",
  "Comment": "",
  "CreatedBy": null,
  "AllowUpdates": false,
  "QuestStart": {
    "ObjectName": "Item",
    "EntryId": 0,
    "AdditionalEntryIds": null,
    "ContinentId": 1116,
    "ZoneId": 6720,
    "Position": "6628.013 5668.271 318.9353",
    "TurnInType": 3,
    "MyFaction": 1
  },
  "QuestEnd": {
    "ObjectName": "Refugee Lo'nash",
    "EntryId": 81166,
    "AdditionalEntryIds": null,
    "ContinentId": 1116,
    "ZoneId": 7004,
    "Position": "5575.291 4568.275 136.3767",
    "TurnInType": 0,
    "MyFaction": 1
  },
  "ActionOrder": 1,
  "Actions": []
}