{
  "QuestID": 35089,
  "Version": 4,
  "FactionGroup": 1,
  "CreatedOn": "2014-11-27T00:20:37.8105342Z",
  "UpdatedOn": "2015-08-07T10:07:20.9319358Z",
  "Comment": "",
  "CreatedBy": null,
  "AllowUpdates": false,
  "RecommendedLevel": 97,
  "Frequency": 1,
  "IsStory": true,
  "QuestStart": {
    "ObjectName": "Kimzee Pinchwhistle",
    "EntryId": 81972,
    "AdditionalEntryIds": null,
    "ContinentId": 1116,
    "ZoneId": 6722,
    "Position": "-2346.366 1136.964 20.84286",
    "TurnInType": 0,
    "IsIndoors": true,
    "MyFaction": 0
  },
  "QuestEnd": {
    "ObjectName": "Kimzee Pinchwhistle",
    "EntryId": 81978,
    "AdditionalEntryIds": null,
    "ContinentId": 1116,
    "ZoneId": 6722,
    "Position": "-2367.021 1116.33 27.63029",
    "TurnInType": 0,
    "MyFaction": 1
  },
  "ActionOrder": 1,
  "Actions": [
    {
      "$type": "KillMobsTemplate",
      "TargetObjects": [
        {
          "Hotspot": {
            "Position": "-2173.08 1080.976 0.4281791",
            "GroundPosition": "0 0 0",
            "IsGroundPosition": false,
            "ContinentId": 1116
          },
          "Name": "Volatile Sludge",
          "EntryId": 81524
        }
      ],
      "HotspotsX": [
        {
          "Position": "-2196.463 1075.596 2.149221",
          "GroundPosition": "0 0 0",
          "IsGroundPosition": false,
          "ContinentId": 1116
        }
      ],
      "Blackspots": [],
      "ForceLoot": false,
      "ForcePullMobs": false,
      "GameObjectiveIndex": 1,
      "RunTime": 5.0
    }
  ]
}