{
  "QuestID": 35082,
  "Version": 3,
  "FactionGroup": 1,
  "CreatedOn": "2014-11-27T00:04:26.3780876Z",
  "UpdatedOn": "2015-08-07T10:06:17.8296131Z",
  "Comment": "",
  "CreatedBy": null,
  "AllowUpdates": false,
  "RecommendedLevel": 97,
  "Frequency": 1,
  "IsStory": true,
  "QuestStart": {
    "ObjectName": "Kimzee Pinchwhistle",
    "EntryId": 81773,
    "AdditionalEntryIds": null,
    "ContinentId": 1116,
    "ZoneId": 6722,
    "Position": "-1814.984 1098.438 45.30304",
    "TurnInType": 0,
    "MyFaction": 1
  },
  "ActionOrder": 1,
  "Actions": [
    {
      "$type": "CollectObjectsTemplate",
      "TargetObjects": [
        {
          "Hotspot": {
            "Position": "-1865.25 1083.264 35.49463",
            "GroundPosition": "0 0 0",
            "IsGroundPosition": false,
            "ContinentId": 1116
          },
          "Name": "Injured Crewman",
          "EntryId": 81131
        },
        {
          "Hotspot": {
            "Position": "-1908.436 1033.924 16.16678",
            "GroundPosition": "0 0 0",
            "IsGroundPosition": false,
            "ContinentId": 1116
          },
          "Name": "Injured Crewman",
          "EntryId": 89209
        }
      ],
      "HotspotsX": [
        {
          "Position": "-1895.405 1047.77 20.64797",
          "GroundPosition": "0 0 0",
          "IsGroundPosition": false,
          "ContinentId": 1116
        }
      ],
      "Blackspots": [],
      "IsLoot": true,
      "OpeningCast": false,
      "NoMovement": false,
      "GameObjectiveIndex": 1,
      "RunTime": 5.0
    }
  ]
}