{
  "QuestID": 35091,
  "Version": 3,
  "FactionGroup": 1,
  "CreatedOn": "2014-11-27T00:33:17.4633149Z",
  "UpdatedOn": "2015-08-07T10:07:50.4957776Z",
  "Comment": "",
  "CreatedBy": null,
  "AllowUpdates": false,
  "RecommendedLevel": 97,
  "Frequency": 1,
  "IsStory": true,
  "QuestStart": {
    "ObjectName": "Kimzee Pinchwhistle",
    "EntryId": 81978,
    "AdditionalEntryIds": null,
    "ContinentId": 1116,
    "ZoneId": 6722,
    "Position": "-2367.021 1116.33 27.63029",
    "TurnInType": 0,
    "IsIndoors": true,
    "MyFaction": 0
  },
  "ActionOrder": 1,
  "Actions": [
    {
      "$type": "KillMobsTemplate",
      "TargetObjects": [
        {
          "Hotspot": {
            "Position": "-2362.674 1275.447 2.155332",
            "GroundPosition": "0 0 0",
            "IsGroundPosition": false,
            "ContinentId": 1116
          },
          "Name": "Spore Shambler",
          "EntryId": 82265
        }
      ],
      "HotspotsX": [
        {
          "Position": "-2398.82 1243.123 0.7264881",
          "GroundPosition": "0 0 0",
          "IsGroundPosition": false,
          "ContinentId": 1116
        }
      ],
      "Blackspots": [],
      "ForceLoot": false,
      "ForcePullMobs": false,
      "GameObjectiveIndex": 1,
      "RunTime": 5.0
    }
  ]
}