{
  "QuestID": 35151,
  "Version": 11,
  "FactionGroup": 1,
  "CreatedOn": "2014-11-18T14:29:23.6275353Z",
  "UpdatedOn": "2015-08-07T09:26:10.707929Z",
  "Comment": "",
  "CreatedBy": null,
  "AllowUpdates": false,
  "RecommendedLevel": 93,
  "Frequency": 1,
  "IsStory": true,
  "QuestStart": {
    "ObjectName": "Durotan",
    "EntryId": 74594,
    "AdditionalEntryIds": null,
    "ContinentId": 1116,
    "ZoneId": 6721,
    "Position": "5758.469 1316.151 106.6152",
    "TurnInType": 0,
    "MyFaction": 1
  },
  "QuestEnd": {
    "ObjectName": "Durotan",
    "EntryId": 74594,
    "AdditionalEntryIds": null,
    "ContinentId": 1116,
    "ZoneId": 6721,
    "Position": "5763.857 1297.016 106.9529",
    "TurnInType": 0,
    "MyFaction": 1
  },
  "UseScript": true,
  "ScriptText": "{\r\n  \"Children\": [\r\n    {\r\n      \"$type\": \"ExecuteLua\",\r\n      \"LuaCode\": \"QuestChoiceFrameOption1.OptionButton:Click();\"\r\n    },\r\n    {\r\n      \"$type\": \"Wait\",\r\n      \"Delay\": 1.0,\r\n      \"DelayMax\": 2.0\r\n    },\r\n    {\r\n      \"$type\": \"While\",\r\n      \"LoopActions\": {\r\n        \"Children\": [\r\n          {\r\n            \"$type\": \"Interact\",\r\n            \"Target\": {\r\n              \"Name\": \"Durotan\",\r\n              \"EntryId\": 74594\r\n            },\r\n            \"NumOfTimes\": 0\r\n          },\r\n          {\r\n            \"$type\": \"Wait\",\r\n            \"Delay\": 1.0,\r\n            \"DelayMax\": 0.0\r\n          },\r\n          {\r\n            \"$type\": \"ExecuteLua\",\r\n            \"LuaCode\": \"GossipTitleButton3:Click();\"\r\n          },\r\n          {\r\n            \"$type\": \"Wait\",\r\n            \"Delay\": 1.0,\r\n            \"DelayMax\": 0.0\r\n          },\r\n          {\r\n            \"$type\": \"ExecuteLua\",\r\n            \"LuaCode\": \"QuestChoiceFrameOption1.OptionButton:Click();\"\r\n          },\r\n          {\r\n            \"$type\": \"Wait\",\r\n            \"Delay\": 1.0,\r\n            \"DelayMax\": 0.0\r\n          },\r\n          {\r\n            \"$type\": \"Interact\",\r\n            \"Target\": {\r\n              \"Name\": \"Penny Clobberbottom\",\r\n              \"EntryId\": 85147\r\n            },\r\n            \"NumOfTimes\": 0\r\n          }\r\n        ],\r\n        \"IsSpecialElement\": true,\r\n        \"SpecialElementName\": \"Do\",\r\n        \"GroupName\": \"\"\r\n      },\r\n      \"Conditions\": [\r\n        {\r\n          \"Condition\": {\r\n            \"$type\": \"CSharpCondition\",\r\n            \"CSharpCode\": \"HasQuest(35151) && !IsQuestInLogAndComplete(35151)\"\r\n          },\r\n          \"IsNot\": false\r\n        },\r\n        {\r\n          \"Condition\": null,\r\n          \"IsNot\": false\r\n        },\r\n        {\r\n          \"Condition\": null,\r\n          \"IsNot\": false\r\n        },\r\n        {\r\n          \"Condition\": null,\r\n          \"IsNot\": false\r\n        }\r\n      ],\r\n      \"IsNot\": false\r\n    }\r\n  ],\r\n  \"GroupName\": \"\"\r\n}",
  "ActionOrder": 1,
  "Actions": []
}