{
  "QuestID": 35150,
  "Version": 3,
  "FactionGroup": 1,
  "CreatedOn": "2014-11-29T00:14:45.9049556Z",
  "UpdatedOn": "2015-08-12T23:30:26.3448637Z",
  "Comment": "",
  "CreatedBy": null,
  "AllowUpdates": false,
  "RecommendedLevel": 99,
  "Frequency": 1,
  "QuestStart": {
    "ObjectName": "Draka",
    "EntryId": 81319,
    "AdditionalEntryIds": null,
    "ContinentId": 1116,
    "ZoneId": 6755,
    "Position": "3219.99 4606.109 144.0085",
    "TurnInType": 0,
    "IsIndoors": true,
    "MyFaction": 0
  },
  "QuestEnd": {
    "ObjectName": "Akrosh",
    "EntryId": 79281,
    "AdditionalEntryIds": null,
    "ContinentId": 1116,
    "ZoneId": 6755,
    "Position": "2351.353 4594.948 229.6464",
    "TurnInType": 0,
    "MyFaction": 1
  },
  "ActionOrder": 1,
  "Actions": []
}