{
  "QuestID": 35241,
  "Version": 6,
  "FactionGroup": 1,
  "CreatedOn": "2014-10-22T13:13:33.4770899Z",
  "UpdatedOn": "2015-08-06T19:16:53.6251294Z",
  "Comment": "",
  "CreatedBy": null,
  "AllowUpdates": false,
  "RecommendedLevel": 90,
  "Frequency": 1,
  "QuestStart": {
    "ObjectName": "Ashka",
    "EntryId": 81761,
    "AdditionalEntryIds": null,
    "ContinentId": 1265,
    "ZoneId": 7025,
    "Position": "3991.509 -2552.361 65.91955",
    "TurnInType": 0,
    "MyFaction": 1
  },
  "QuestEnd": {
    "ObjectName": "Thrall",
    "EntryId": 78553,
    "AdditionalEntryIds": null,
    "ContinentId": 1265,
    "ZoneId": 7025,
    "Position": "3844.734 -2786.684 94.08716",
    "TurnInType": 0,
    "MyFaction": 1
  },
  "ActionOrder": 1,
  "Actions": [
    {
      "$type": "KillMobsTemplate",
      "TargetObjects": [
        {
          "Hotspot": {
            "Position": "4031.322 -2591.823 52.09573",
            "GroundPosition": "0 0 0",
            "IsGroundPosition": false,
            "ContinentId": 1265
          },
          "Name": "Bleeding Hollow Savage",
          "EntryId": 78507
        },
        {
          "Hotspot": {
            "Position": "4008.027 -2609.462 52.16846",
            "GroundPosition": "0 0 0",
            "IsGroundPosition": false,
            "ContinentId": 1265
          },
          "Name": "Bleeding Hollow Berserker",
          "EntryId": 78509
        },
        {
          "Hotspot": {
            "Position": "3774.467 -2577.165 58.21661",
            "GroundPosition": "0 0 0",
            "IsGroundPosition": false,
            "ContinentId": 1265
          },
          "Name": "Bleeding Hollow Hatchet",
          "EntryId": 78510
        },
        {
          "Hotspot": {
            "Position": "3790.398 -2578.144 57.99001",
            "GroundPosition": "0 0 0",
            "IsGroundPosition": false,
            "ContinentId": 1265
          },
          "Name": "Bleeding Hollow Savage",
          "EntryId": 78820
        }
      ],
      "HotspotsX": [
        {
          "Position": "3981.414 -2561.358 62.09061",
          "GroundPosition": "0 0 0",
          "IsGroundPosition": false,
          "ContinentId": 1265
        },
        {
          "Position": "4021.417 -2603.525 52.07095",
          "GroundPosition": "0 0 0",
          "IsGroundPosition": false,
          "ContinentId": 1265
        },
        {
          "Position": "4003.17 -2652.041 46.13618",
          "GroundPosition": "0 0 0",
          "IsGroundPosition": false,
          "ContinentId": 1265
        },
        {
          "Position": "3948.466 -2646.701 54.76381",
          "GroundPosition": "0 0 0",
          "IsGroundPosition": false,
          "ContinentId": 1265
        },
        {
          "Position": "3918.676 -2607.567 63.13838",
          "GroundPosition": "0 0 0",
          "IsGroundPosition": false,
          "ContinentId": 1265
        },
        {
          "Position": "3876.719 -2651.371 70.80869",
          "GroundPosition": "0 0 0",
          "IsGroundPosition": false,
          "ContinentId": 1265
        },
        {
          "Position": "3865.53 -2576.21 64.98586",
          "GroundPosition": "0 0 0",
          "IsGroundPosition": false,
          "ContinentId": 1265
        },
        {
          "Position": "3822.635 -2581.551 60.0906",
          "GroundPosition": "0 0 0",
          "IsGroundPosition": false,
          "ContinentId": 1265
        },
        {
          "Position": "3793.692 -2592.812 59.84113",
          "GroundPosition": "0 0 0",
          "IsGroundPosition": false,
          "ContinentId": 1265
        }
      ],
      "Blackspots": [],
      "ForceLoot": false,
      "ForcePullMobs": false,
      "GameObjectiveIndex": 1,
      "RunTime": 5.0
    }
  ]
}