{
  "QuestID": 35258,
  "Version": 5,
  "FactionGroup": 1,
  "CreatedOn": "2014-11-27T16:58:33.0022138Z",
  "UpdatedOn": "2015-08-07T21:39:41.1794711Z",
  "Comment": "",
  "CreatedBy": null,
  "AllowUpdates": false,
  "RecommendedLevel": 96,
  "Frequency": 1,
  "IsStory": true,
  "QuestStart": {
    "ObjectName": "Darkscryer Raastok",
    "EntryId": 80157,
    "AdditionalEntryIds": null,
    "ContinentId": 1116,
    "ZoneId": 6722,
    "Position": "391.8108 2446.97 20.05761",
    "TurnInType": 0,
    "IsIndoors": true,
    "MyFaction": 0
  },
  "ActionOrder": 1,
  "Actions": [
    {
      "$type": "KillMobsTemplate",
      "TargetObjects": [
        {
          "Hotspot": {
            "Position": "318.3125 2698.175 67.30006",
            "GroundPosition": "0 0 0",
            "IsGroundPosition": false,
            "ContinentId": 1116
          },
          "Name": "Apexis Guardian",
          "EntryId": 81875
        }
      ],
      "HotspotsX": [
        {
          "Position": "336.3576 2536.116 1.579145",
          "GroundPosition": "0 0 0",
          "IsGroundPosition": false,
          "ContinentId": 1116
        },
        {
          "Position": "233.3699 2642.4 66.98108",
          "GroundPosition": "0 0 0",
          "IsGroundPosition": false,
          "ContinentId": 1116
        }
      ],
      "Blackspots": [
        "291 2673 39 11.9"
      ],
      "ForceLoot": true,
      "ForcePullMobs": false,
      "GameObjectiveIndex": 1,
      "RunTime": 5.0
    }
  ]
}