{
  "QuestID": 35257,
  "Version": 3,
  "FactionGroup": 1,
  "CreatedOn": "2014-11-27T01:57:53.4045028Z",
  "UpdatedOn": "2015-08-07T21:39:14.4375928Z",
  "Comment": "",
  "CreatedBy": null,
  "AllowUpdates": false,
  "RecommendedLevel": 96,
  "Frequency": 1,
  "QuestStart": {
    "ObjectName": "Darkscryer Raastok",
    "EntryId": 85598,
    "AdditionalEntryIds": null,
    "ContinentId": 1116,
    "ZoneId": 6722,
    "Position": "414.6927 1991.134 10.00444",
    "TurnInType": 0,
    "IsIndoors": true,
    "MyFaction": 0
  },
  "QuestEnd": {
    "ObjectName": "Darkscryer Raastok",
    "EntryId": 80157,
    "AdditionalEntryIds": null,
    "ContinentId": 1116,
    "ZoneId": 6722,
    "Position": "391.8108 2446.97 20.05761",
    "TurnInType": 0,
    "MyFaction": 1
  },
  "ActionOrder": 1,
  "Actions": []
}