{
  "QuestID": 35261,
  "Version": 6,
  "FactionGroup": 1,
  "CreatedOn": "2014-11-27T17:17:02.9019005Z",
  "UpdatedOn": "2015-08-07T21:39:51.9629057Z",
  "Comment": "",
  "CreatedBy": null,
  "AllowUpdates": false,
  "RecommendedLevel": 96,
  "Frequency": 1,
  "QuestStart": {
    "ObjectName": "Inactive Apexis Destroyer",
    "EntryId": 82123,
    "AdditionalEntryIds": null,
    "ContinentId": 1116,
    "ZoneId": 6722,
    "Position": "209.7604 2706.806 35.93083",
    "TurnInType": 0,
    "IsIndoors": true,
    "MyFaction": 0
  },
  "QuestEnd": {
    "ObjectName": "Overseer's Chair",
    "EntryId": 232353,
    "AdditionalEntryIds": [],
    "ContinentId": 1116,
    "ZoneId": 6722,
    "Position": "86.31699 2531.817 79.20962",
    "TurnInType": 1,
    "IsIndoors": true,
    "MyFaction": 1
  },
  "ActionOrder": 1,
  "Actions": [
    {
      "$type": "KillMobsTemplate",
      "TargetObjects": [
        {
          "Hotspot": {
            "Position": "161.1319 2653.744 68.87656",
            "GroundPosition": "0 0 0",
            "IsGroundPosition": false,
            "ContinentId": 1116
          },
          "Name": "Overseer Akrath",
          "EntryId": 82145
        }
      ],
      "HotspotsX": [
        {
          "Position": "179.5596 2650.592 67.09788",
          "GroundPosition": "0 0 0",
          "IsGroundPosition": false,
          "ContinentId": 1116
        }
      ],
      "Blackspots": [],
      "ForceLoot": true,
      "ForcePullMobs": false,
      "GameObjectiveIndex": 1,
      "RunTime": 5.0
    }
  ]
}