{
  "QuestID": 35277,
  "Version": 5,
  "FactionGroup": 1,
  "CreatedOn": "2015-05-13T23:01:10.0316531Z",
  "UpdatedOn": "2015-08-07T21:34:17.4451231Z",
  "Comment": "",
  "CreatedBy": null,
  "AllowUpdates": false,
  "RecommendedLevel": 96,
  "Frequency": 1,
  "QuestStart": {
    "ObjectName": "Taskmaster Gornek",
    "EntryId": 81920,
    "AdditionalEntryIds": null,
    "ContinentId": 1116,
    "ZoneId": 6722,
    "Position": "-373.7014 2245.993 26.13116",
    "TurnInType": 0,
    "MyFaction": 1
  },
  "ActionOrder": 1,
  "Actions": [
    {
      "$type": "CollectObjectsTemplate",
      "TargetObjects": [
        {
          "Hotspot": {
            "Position": "-369.4375 2247.113 26.27389",
            "GroundPosition": "0 0 0",
            "IsGroundPosition": false,
            "ContinentId": 1116
          },
          "Name": "Drafting Table",
          "EntryId": 232062
        }
      ],
      "HotspotsX": [
        {
          "Position": "-371.8277 2245.911 26.13186",
          "GroundPosition": "0 0 0",
          "IsGroundPosition": false,
          "ContinentId": 1116
        }
      ],
      "Blackspots": [],
      "IsLoot": true,
      "OpeningCast": false,
      "NoMovement": false,
      "GameObjectiveIndex": 0,
      "RunTime": 5.0
    },
    {
      "$type": "LuaTemplate",
      "RunAsMacro": true,
      "Text": "/run QuestChoiceFrameOption2.OptionButton:Click();",
      "GameObjectiveIndex": 2,
      "RunTime": 5.0
    },
    {
      "$type": "WaitTemplate",
      "TimeSeconds": 8.0,
      "GameObjectiveIndex": 0,
      "RunTime": 5.0
    }
  ]
}