{
  "QuestID": 35285,
  "Version": 3,
  "FactionGroup": 1,
  "CreatedOn": "2014-11-27T00:13:59.4733488Z",
  "UpdatedOn": "2015-08-07T10:06:42.177812Z",
  "Comment": "",
  "CreatedBy": null,
  "AllowUpdates": false,
  "RecommendedLevel": 97,
  "Frequency": 1,
  "IsStory": true,
  "QuestStart": {
    "ObjectName": "Engineer Gazwitz",
    "EntryId": 81784,
    "AdditionalEntryIds": null,
    "ContinentId": 1116,
    "ZoneId": 6722,
    "Position": "-1817 1099.8 45.33996",
    "TurnInType": 0,
    "IsIndoors": true,
    "MyFaction": 0
  },
  "QuestEnd": {
    "ObjectName": "Kimzee Pinchwhistle",
    "EntryId": 81972,
    "AdditionalEntryIds": null,
    "ContinentId": 1116,
    "ZoneId": 6722,
    "Position": "-2346.366 1136.964 20.84286",
    "TurnInType": 0,
    "MyFaction": 1
  },
  "ActionOrder": 1,
  "Actions": []
}