{
  "QuestID": 35295,
  "Version": 3,
  "FactionGroup": 1,
  "CreatedOn": "2014-11-26T22:47:59.4138712Z",
  "UpdatedOn": "2015-08-07T21:34:34.2973756Z",
  "Comment": "",
  "CreatedBy": null,
  "AllowUpdates": false,
  "RecommendedLevel": 96,
  "Frequency": 1,
  "QuestStart": {
    "ObjectName": "Shadow Hunter Ukambe",
    "EntryId": 81959,
    "AdditionalEntryIds": null,
    "ContinentId": 1116,
    "ZoneId": 6722,
    "Position": "-368.9496 2240.318 26.13566",
    "TurnInType": 0,
    "IsIndoors": true,
    "MyFaction": 0
  },
  "QuestEnd": {
    "ObjectName": "Shadow Hunter Ukambe",
    "EntryId": 81961,
    "AdditionalEntryIds": null,
    "ContinentId": 1116,
    "ZoneId": 6722,
    "Position": "-593.4913 2308.688 27.39493",
    "TurnInType": 0,
    "MyFaction": 1
  },
  "ActionOrder": 1,
  "Actions": []
}