{
  "QuestID": 35339,
  "Version": 7,
  "FactionGroup": 1,
  "CreatedOn": "2014-11-26T22:55:38.9816638Z",
  "UpdatedOn": "2015-08-07T21:41:37.447519Z",
  "Comment": "",
  "CreatedBy": null,
  "AllowUpdates": false,
  "RecommendedLevel": 96,
  "Frequency": 1,
  "QuestStart": {
    "ObjectName": "Bryan Finn",
    "EntryId": 82100,
    "AdditionalEntryIds": null,
    "ContinentId": 1116,
    "ZoneId": 6722,
    "Position": "-589.3258 2321.592 29.26218",
    "TurnInType": 0,
    "IsIndoors": true,
    "MyFaction": 0
  },
  "QuestEnd": {
    "ObjectName": "Alice Finn",
    "EntryId": 82124,
    "AdditionalEntryIds": null,
    "ContinentId": 1116,
    "ZoneId": 6722,
    "Position": "-679.363 2396.71 40.28838",
    "TurnInType": 0,
    "IsIndoors": true,
    "MyFaction": 1
  },
  "ActionOrder": 1,
  "Actions": [
    {
      "$type": "KillMobsTemplate",
      "TargetObjects": [
        {
          "Hotspot": {
            "Position": "-731.3055 2342.788 34.28707",
            "GroundPosition": "0 0 0",
            "IsGroundPosition": false,
            "ContinentId": 1116
          },
          "Name": "Lingering Rifleman",
          "EntryId": 82029
        },
        {
          "Hotspot": {
            "Position": "-734.816 2341.16 34.28655",
            "GroundPosition": "0 0 0",
            "IsGroundPosition": false,
            "ContinentId": 1116
          },
          "Name": "Tormented Villager",
          "EntryId": 82027
        },
        {
          "Hotspot": {
            "Position": "-689.5898 2380.642 32.12351",
            "GroundPosition": "0 0 0",
            "IsGroundPosition": false,
            "ContinentId": 1116
          },
          "Name": "Ghastly Nightwatch",
          "EntryId": 82038
        },
        {
          "Hotspot": {
            "Position": "-674.9366 2370.508 30.48724",
            "GroundPosition": "0 0 0",
            "IsGroundPosition": false,
            "ContinentId": 1116
          },
          "Name": "Haunted Hound",
          "EntryId": 82040
        },
        {
          "Hotspot": {
            "Position": "-696.4305 2323.184 33.79468",
            "GroundPosition": "0 0 0",
            "IsGroundPosition": false,
            "ContinentId": 1116
          },
          "Name": "Ghastly Guard",
          "EntryId": 82028
        }
      ],
      "HotspotsX": [
        {
          "Position": "-669.8446 2362.868 30.48887",
          "GroundPosition": "0 0 0",
          "IsGroundPosition": false,
          "ContinentId": 1116
        }
      ],
      "Blackspots": [
        "-628 2380 36 11"
      ],
      "ForceLoot": false,
      "ForcePullMobs": false,
      "GameObjectiveIndex": 1,
      "RunTime": 5.0
    },
    {
      "$type": "GossipInteractionTemplate",
      "TargetObjects": [
        {
          "Hotspot": {
            "Position": "-680.6493 2397.984 41.60011",
            "GroundPosition": "0 0 0",
            "IsGroundPosition": false,
            "IsIndoors": true,
            "ContinentId": 1116
          },
          "Name": "Alice Finn",
          "EntryId": 82110
        }
      ],
      "HotspotsX": [
        {
          "Position": "-679.0293 2397.257 40.77567",
          "GroundPosition": "0 0 0",
          "IsGroundPosition": false,
          "IsIndoors": true,
          "ContinentId": 1116
        }
      ],
      "GossipIndex": 1,
      "Dismount": false,
      "GameObjectiveIndex": 2,
      "RunTime": 5.0
    }
  ]
}