{
  "QuestID": 35432,
  "Version": 5,
  "FactionGroup": 1,
  "CreatedOn": "2014-11-18T15:07:28.1398613Z",
  "UpdatedOn": "2015-08-07T09:36:41.5763201Z",
  "Comment": "",
  "CreatedBy": null,
  "AllowUpdates": false,
  "RecommendedLevel": 93,
  "Frequency": 1,
  "IsStory": true,
  "QuestStart": {
    "ObjectName": "Draka",
    "EntryId": 74593,
    "AdditionalEntryIds": null,
    "ContinentId": 1116,
    "ZoneId": 6721,
    "Position": "5693.852 1257.575 84.05982",
    "TurnInType": 0,
    "IsIndoors": true,
    "MyFaction": 0
  },
  "QuestEnd": {
    "ObjectName": "Draka",
    "EntryId": 82233,
    "AdditionalEntryIds": null,
    "ContinentId": 1116,
    "ZoneId": 6721,
    "Position": "4911.972 1627.708 116.7827",
    "TurnInType": 0,
    "MyFaction": 1
  },
  "ActionOrder": 1,
  "Actions": [
    {
      "$type": "KillMobsTemplate",
      "TargetObjects": [
        {
          "Hotspot": {
            "Position": "5089.621 1505.646 80.26149",
            "GroundPosition": "0 0 0",
            "IsGroundPosition": false,
            "ContinentId": 1116
          },
          "Name": "Bloom Weaver",
          "EntryId": 81575
        }
      ],
      "HotspotsX": [
        {
          "Position": "5264.145 1504.949 84.65562",
          "GroundPosition": "0 0 0",
          "IsGroundPosition": false,
          "ContinentId": 1116
        },
        {
          "Position": "5315.412 1484.163 98.62272",
          "GroundPosition": "0 0 0",
          "IsGroundPosition": false,
          "ContinentId": 1116
        },
        {
          "Position": "5357.62 1541.13 95.92957",
          "GroundPosition": "0 0 0",
          "IsGroundPosition": false,
          "ContinentId": 1116
        },
        {
          "Position": "5341.012 1577.641 95.25523",
          "GroundPosition": "0 0 0",
          "IsGroundPosition": false,
          "ContinentId": 1116
        }
      ],
      "Blackspots": [
        "5265 1591 84 19.2",
        "5293 1656 86 12.5",
        "5311 1657 89 21.4",
        "5269 1665 86 27.7",
        "5216 1649 87 28.8"
      ],
      "ForceLoot": false,
      "ForcePullMobs": false,
      "GameObjectiveIndex": 1,
      "RunTime": 5.0
    }
  ]
}