{
  "QuestID": 35505,
  "Version": 2,
  "FactionGroup": 1,
  "CreatedOn": "2015-06-29T12:40:18.2629421Z",
  "UpdatedOn": "2015-08-07T09:42:28.9946075Z",
  "Comment": "",
  "CreatedBy": null,
  "AllowUpdates": false,
  "QuestStart": {
    "ObjectName": "Thuldren",
    "EntryId": 84811,
    "AdditionalEntryIds": null,
    "ContinentId": 1116,
    "ZoneId": 6721,
    "Position": "5688.624 494.4774 105.8317",
    "TurnInType": 0,
    "IsIndoors": true,
    "MyFaction": 0
  },
  "QuestEnd": {
    "ObjectName": "Frenna",
    "EntryId": 82569,
    "AdditionalEntryIds": null,
    "ContinentId": 1116,
    "ZoneId": 6721,
    "Position": "5669.444 401.2309 98.12361",
    "TurnInType": 0,
    "MyFaction": 1
  },
  "ActionOrder": 1,
  "Actions": []
}