{
  "QuestID": 35509,
  "Version": 5,
  "FactionGroup": 1,
  "CreatedOn": "2014-11-18T16:06:15.4784317Z",
  "UpdatedOn": "2015-08-07T09:40:25.7826885Z",
  "Comment": "",
  "CreatedBy": null,
  "AllowUpdates": false,
  "RecommendedLevel": 94,
  "Frequency": 1,
  "IsStory": true,
  "QuestStart": {
    "ObjectName": "Cutter",
    "EntryId": 85601,
    "AdditionalEntryIds": null,
    "ContinentId": 1116,
    "ZoneId": 6721,
    "Position": "4489.742 1265.661 149.7661",
    "TurnInType": 0,
    "IsIndoors": true,
    "MyFaction": 0
  },
  "QuestEnd": {
    "ObjectName": "Cutter",
    "EntryId": 82334,
    "AdditionalEntryIds": null,
    "ContinentId": 1116,
    "ZoneId": 6721,
    "Position": "4458.262 1137.451 141.239",
    "TurnInType": 0,
    "IsIndoors": true,
    "MyFaction": 1
  },
  "ActionOrder": 1,
  "Actions": [
    {
      "$type": "CollectObjectsTemplate",
      "TargetObjects": [
        {
          "Hotspot": {
            "Position": "4457.252 1115.863 140.189",
            "GroundPosition": "0 0 0",
            "IsGroundPosition": false,
            "IsIndoors": true,
            "ContinentId": 1116
          },
          "Name": "Will of the Genesaur",
          "EntryId": 231961
        }
      ],
      "HotspotsX": [
        {
          "Position": "4453.717 1118.288 139.903",
          "GroundPosition": "0 0 0",
          "IsGroundPosition": false,
          "IsIndoors": true,
          "ContinentId": 1116
        }
      ],
      "Blackspots": [],
      "IsLoot": true,
      "OpeningCast": false,
      "NoMovement": false,
      "GameObjectiveIndex": 1,
      "RunTime": 5.0
    }
  ]
}