{
  "QuestID": 35557,
  "Version": 4,
  "FactionGroup": 1,
  "CreatedOn": "2014-11-17T03:57:16.7758189Z",
  "UpdatedOn": "2015-08-07T08:50:19.1362752Z",
  "Comment": "",
  "CreatedBy": null,
  "AllowUpdates": false,
  "RecommendedLevel": 92,
  "Frequency": 1,
  "QuestStart": {
    "ObjectName": "Command Board",
    "EntryId": 232416,
    "AdditionalEntryIds": null,
    "ContinentId": 1116,
    "ZoneId": 7004,
    "Position": "5620.877 4537.455 119.2709",
    "TurnInType": 1,
    "IsIndoors": true,
    "ScriptJson": "{\r\n  \"Children\": [\r\n    {\r\n      \"$type\": \"ActionSequence\",\r\n      \"Children\": [\r\n        {\r\n          \"$type\": \"ExecuteLua\",\r\n          \"LuaCode\": \"EJMicroButton:Click()\"\r\n        },\r\n        {\r\n          \"$type\": \"Wait\",\r\n          \"Delay\": 1.0,\r\n          \"DelayMax\": 0.0\r\n        },\r\n        {\r\n          \"$type\": \"ExecuteLua\",\r\n          \"LuaCode\": \"EncounterJournalSuggestFrame.Suggestion1.button:Click()\"\r\n        },\r\n        {\r\n          \"$type\": \"Wait\",\r\n          \"Delay\": 1.0,\r\n          \"DelayMax\": 0.0\r\n        },\r\n        {\r\n          \"$type\": \"ExecuteLua\",\r\n          \"LuaCode\": \"QuestFrameAcceptButton:Click()\"\r\n        }\r\n      ],\r\n      \"GroupName\": \"Quest Pickup\"\r\n    }\r\n  ],\r\n  \"GroupName\": \"\"\r\n}",
    "MyFaction": 1
  },
  "QuestEnd": {
    "ObjectName": "Durotan",
    "EntryId": 74594,
    "AdditionalEntryIds": null,
    "ContinentId": 1116,
    "ZoneId": 6721,
    "Position": "5392.558 2018.155 175.3701",
    "TurnInType": 0,
    "MyFaction": 1
  },
  "ActionOrder": 1,
  "Actions": []
}