{
  "QuestID": 35634,
  "Version": 3,
  "FactionGroup": 1,
  "CreatedOn": "2014-11-27T17:46:38.4985259Z",
  "UpdatedOn": "2015-08-07T21:40:32.1354504Z",
  "Comment": "",
  "CreatedBy": null,
  "AllowUpdates": false,
  "RecommendedLevel": 96,
  "Frequency": 1,
  "IsStory": true,
  "QuestStart": {
    "ObjectName": "Darkscryer Raastok",
    "EntryId": 80157,
    "AdditionalEntryIds": null,
    "ContinentId": 1116,
    "ZoneId": 6722,
    "Position": "391.8108 2446.97 20.05761",
    "TurnInType": 0,
    "IsIndoors": true,
    "MyFaction": 0
  },
  "QuestEnd": {
    "ObjectName": "Darkscryer Raastok",
    "EntryId": 82509,
    "AdditionalEntryIds": null,
    "ContinentId": 1116,
    "ZoneId": 6722,
    "Position": "-468.8924 1825.566 44.58568",
    "TurnInType": 0,
    "MyFaction": 1
  },
  "ActionOrder": 1,
  "Actions": [
    {
      "$type": "UseTaxiTemplate",
      "Hotspots": [],
      "Target": {
        "Hotspot": {
          "Position": "389.0365 2439.153 19.57458",
          "GroundPosition": "0 0 0",
          "IsGroundPosition": false,
          "ContinentId": 1116
        },
        "Name": "Skytalon Kuris",
        "EntryId": 84509
      },
      "TaxiTarget": {
        "Item1": "Veil Terokk, Spires of Arak",
        "Item2": "0.50240105390549",
        "Item3": "0.26665115356445"
      },
      "GameObjectiveIndex": 1,
      "RunTime": 5.0
    }
  ]
}