{
  "QuestID": 35668,
  "Version": 15,
  "FactionGroup": 1,
  "CreatedOn": "2014-11-26T22:05:36.4139786Z",
  "UpdatedOn": "2015-08-07T21:33:10.7091693Z",
  "Comment": "",
  "CreatedBy": null,
  "AllowUpdates": false,
  "RecommendedLevel": 96,
  "Frequency": 1,
  "IsStory": true,
  "QuestStart": {
    "ObjectName": "Reshad",
    "EntryId": 82621,
    "AdditionalEntryIds": null,
    "ContinentId": 1116,
    "ZoneId": 6722,
    "Position": "-99.70643 1634.195 -5.854898",
    "TurnInType": 0,
    "IsIndoors": true,
    "MyFaction": 0
  },
  "QuestEnd": {
    "ObjectName": "Reshad",
    "EntryId": 81770,
    "AdditionalEntryIds": null,
    "ContinentId": 1116,
    "ZoneId": 6722,
    "Position": "-413.4514 1737.877 45.6214",
    "TurnInType": 0,
    "MyFaction": 1
  },
  "UseScript": true,
  "ScriptText": "{\r\n  \"Children\": [\r\n    {\r\n      \"$type\": \"LoadCSharpScript\",\r\n      \"FileName\": \"QH.cs\"\r\n    },\r\n    {\r\n      \"$type\": \"CSharpAction\",\r\n      \"CSharpCode\": \"// Initializing Instance and Injecting Custom API into Rebot\\r\\nQH.API = this;\"\r\n    },\r\n    {\r\n      \"$type\": \"While\",\r\n      \"LoopActions\": {\r\n        \"Children\": [\r\n          {\r\n            \"$type\": \"CSharpAction\",\r\n            \"CSharpCode\": \"Me.ClearFocus();\"\r\n          },\r\n          {\r\n            \"$type\": \"If\",\r\n            \"ActionsFalse\": {\r\n              \"Children\": [],\r\n              \"IsSpecialElement\": true,\r\n              \"SpecialElementName\": \"Else\",\r\n              \"GroupName\": \"\"\r\n            },\r\n            \"ActionsTrue\": {\r\n              \"Children\": [\r\n                {\r\n                  \"$type\": \"MoveTo\",\r\n                  \"Hotspot\": {\r\n                    \"Position\": \"-279.4922 1708.407 9.038095\",\r\n                    \"GroundPosition\": \"0 0 0\",\r\n                    \"IsGroundPosition\": false,\r\n                    \"ContinentId\": 1116\r\n                  },\r\n                  \"Method\": \"Navi\"\r\n                },\r\n                {\r\n                  \"$type\": \"MoveTo\",\r\n                  \"Hotspot\": {\r\n                    \"Position\": \"-308.9431 1718.032 -11.73226\",\r\n                    \"GroundPosition\": \"0 0 0\",\r\n                    \"UseCTM\": true,\r\n                    \"IsGroundPosition\": false,\r\n                    \"IsIndoors\": true,\r\n                    \"ContinentId\": 1116\r\n                  }\r\n                },\r\n                {\r\n                  \"$type\": \"MoveTo\",\r\n                  \"Hotspot\": {\r\n                    \"Position\": \"-333.1386 1738.661 -21.80815\",\r\n                    \"GroundPosition\": \"0 0 0\",\r\n                    \"UseCTM\": true,\r\n                    \"IsGroundPosition\": false,\r\n                    \"IsIndoors\": true,\r\n                    \"ContinentId\": 1116\r\n                  }\r\n                }\r\n              ],\r\n              \"IsSpecialElement\": true,\r\n              \"SpecialElementName\": \"Then\",\r\n              \"GroupName\": \"\"\r\n            },\r\n            \"Conditions\": [\r\n              {\r\n                \"Condition\": {\r\n                  \"$type\": \"CSharpCondition\",\r\n                  \"CSharpCode\": \"!QH.IsClose(-333.1f, 1738.7f, -21.8f,30)\"\r\n                },\r\n                \"IsNot\": false\r\n              },\r\n              {\r\n                \"Condition\": null,\r\n                \"IsNot\": false\r\n              },\r\n              {\r\n                \"Condition\": null,\r\n                \"IsNot\": false\r\n              },\r\n              {\r\n                \"Condition\": null,\r\n                \"IsNot\": false\r\n              }\r\n            ],\r\n            \"IsNot\": false\r\n          },\r\n          {\r\n            \"$type\": \"While\",\r\n            \"LoopActions\": {\r\n              \"Children\": [\r\n                {\r\n                  \"$type\": \"Comment\",\r\n                  \"Text\": \"Executing Mini-Boss Combat Logic...\",\r\n                  \"Color\": \"64, 128, 128\"\r\n                },\r\n                {\r\n                  \"$type\": \"InCombatBlock\",\r\n                  \"Children\": [\r\n                    {\r\n                      \"$type\": \"If\",\r\n                      \"ActionsFalse\": {\r\n                        \"Children\": [],\r\n                        \"IsSpecialElement\": true,\r\n                        \"SpecialElementName\": \"Else\",\r\n                        \"GroupName\": \"\"\r\n                      },\r\n                      \"ActionsTrue\": {\r\n                        \"Children\": [\r\n                          {\r\n                            \"$type\": \"Comment\",\r\n                            \"Text\": \"Acquiring Target: Sun-Talon Oberyx\",\r\n                            \"Color\": \"64, 128, 128\"\r\n                          },\r\n                          {\r\n                            \"$type\": \"CSharpAction\",\r\n                            \"CSharpCode\": \"QH.SetFocusUnit(82623)\"\r\n                          },\r\n                          {\r\n                            \"$type\": \"Wait\",\r\n                            \"Delay\": 2.0,\r\n                            \"DelayMax\": 3.0\r\n                          }\r\n                        ],\r\n                        \"IsSpecialElement\": true,\r\n                        \"SpecialElementName\": \"Then\",\r\n                        \"GroupName\": \"\"\r\n                      },\r\n                      \"Conditions\": [\r\n                        {\r\n                          \"Condition\": {\r\n                            \"$type\": \"CSharpCondition\",\r\n                            \"CSharpCode\": \"Me.Focus == null\"\r\n                          },\r\n                          \"IsNot\": false\r\n                        },\r\n                        {\r\n                          \"Condition\": null,\r\n                          \"IsNot\": false\r\n                        },\r\n                        {\r\n                          \"Condition\": null,\r\n                          \"IsNot\": false\r\n                        },\r\n                        {\r\n                          \"Condition\": null,\r\n                          \"IsNot\": false\r\n                        }\r\n                      ],\r\n                      \"IsNot\": false\r\n                    },\r\n                    {\r\n                      \"$type\": \"While\",\r\n                      \"LoopActions\": {\r\n                        \"Children\": [\r\n                          {\r\n                            \"$type\": \"While\",\r\n                            \"LoopActions\": {\r\n                              \"Children\": [\r\n                                {\r\n                                  \"$type\": \"CSharpAction\",\r\n                                  \"CSharpCode\": \"StartCombat(Me.Focus, \\\"\\\");\\r\\n\"\r\n                                },\r\n                                {\r\n                                  \"$type\": \"Wait\",\r\n                                  \"Delay\": 1.0,\r\n                                  \"DelayMax\": 2.0\r\n                                }\r\n                              ],\r\n                              \"IsSpecialElement\": true,\r\n                              \"SpecialElementName\": \"Do\",\r\n                              \"GroupName\": \"\"\r\n                            },\r\n                            \"Conditions\": [\r\n                              {\r\n                                \"Condition\": {\r\n                                  \"$type\": \"CSharpCondition\",\r\n                                  \"CSharpCode\": \"Me.Focus != null && !Me.InCombat && !IsQuestInLogAndComplete(35668)\"\r\n                                },\r\n                                \"IsNot\": false\r\n                              },\r\n                              {\r\n                                \"Condition\": null,\r\n                                \"IsNot\": false\r\n                              },\r\n                              {\r\n                                \"Condition\": null,\r\n                                \"IsNot\": false\r\n                              },\r\n                              {\r\n                                \"Condition\": null,\r\n                                \"IsNot\": false\r\n                              }\r\n                            ],\r\n                            \"IsNot\": false\r\n                          },\r\n                          {\r\n                            \"$type\": \"If\",\r\n                            \"ActionsFalse\": {\r\n                              \"Children\": [],\r\n                              \"IsSpecialElement\": true,\r\n                              \"SpecialElementName\": \"Else\",\r\n                              \"GroupName\": \"\"\r\n                            },\r\n                            \"ActionsTrue\": {\r\n                              \"Children\": [\r\n                                {\r\n                                  \"$type\": \"Comment\",\r\n                                  \"Text\": \"Electrified Field Incoming!!!\",\r\n                                  \"Color\": \"Red\"\r\n                                },\r\n                                {\r\n                                  \"$type\": \"Comment\",\r\n                                  \"Text\": \"Moving Out of Electrified Ground!\",\r\n                                  \"Color\": \"Red\"\r\n                                },\r\n                                {\r\n                                  \"$type\": \"CSharpAction\",\r\n                                  \"CSharpCode\": \"DisableCombat = true;\"\r\n                                },\r\n                                {\r\n                                  \"$type\": \"CSharpAction\",\r\n                                  \"CSharpCode\": \"CTM(Me.Position + (Me.Direction * 14))\"\r\n                                },\r\n                                {\r\n                                  \"$type\": \"Wait\",\r\n                                  \"Delay\": 3.0,\r\n                                  \"DelayMax\": 4.0\r\n                                },\r\n                                {\r\n                                  \"$type\": \"CSharpAction\",\r\n                                  \"CSharpCode\": \"DisableCombat = false;\"\r\n                                },\r\n                                {\r\n                                  \"$type\": \"Wait\",\r\n                                  \"Delay\": 1.0,\r\n                                  \"DelayMax\": 0.0\r\n                                }\r\n                              ],\r\n                              \"IsSpecialElement\": true,\r\n                              \"SpecialElementName\": \"Then\",\r\n                              \"GroupName\": \"\"\r\n                            },\r\n                            \"Conditions\": [\r\n                              {\r\n                                \"Condition\": {\r\n                                  \"$type\": \"CSharpCondition\",\r\n                                  \"CSharpCode\": \"Me.Focus != null && Me.Focus.IsCasting && Me.Focus.CastingSpellID == 158099\"\r\n                                },\r\n                                \"IsNot\": false\r\n                              },\r\n                              {\r\n                                \"Condition\": null,\r\n                                \"IsNot\": false\r\n                              },\r\n                              {\r\n                                \"Condition\": null,\r\n                                \"IsNot\": false\r\n                              },\r\n                              {\r\n                                \"Condition\": null,\r\n                                \"IsNot\": false\r\n                              }\r\n                            ],\r\n                            \"IsNot\": false\r\n                          }\r\n                        ],\r\n                        \"IsSpecialElement\": true,\r\n                        \"SpecialElementName\": \"Do\",\r\n                        \"GroupName\": \"\"\r\n                      },\r\n                      \"Conditions\": [\r\n                        {\r\n                          \"Condition\": {\r\n                            \"$type\": \"CSharpCondition\",\r\n                            \"CSharpCode\": \"Me.Focus != null && !Me.Focus.IsDead\"\r\n                          },\r\n                          \"IsNot\": false\r\n                        },\r\n                        {\r\n                          \"Condition\": null,\r\n                          \"IsNot\": false\r\n                        },\r\n                        {\r\n                          \"Condition\": null,\r\n                          \"IsNot\": false\r\n                        },\r\n                        {\r\n                          \"Condition\": null,\r\n                          \"IsNot\": false\r\n                        }\r\n                      ],\r\n                      \"IsNot\": false,\r\n                      \"CheckFrequently\": true\r\n                    },\r\n                    {\r\n                      \"$type\": \"Wait\",\r\n                      \"Delay\": 2.0,\r\n                      \"DelayMax\": 3.0\r\n                    }\r\n                  ],\r\n                  \"GroupName\": \"Syth\"\r\n                }\r\n              ],\r\n              \"IsSpecialElement\": true,\r\n              \"SpecialElementName\": \"Do\",\r\n              \"GroupName\": \"\"\r\n            },\r\n            \"Conditions\": [\r\n              {\r\n                \"Condition\": {\r\n                  \"$type\": \"CSharpCondition\",\r\n                  \"CSharpCode\": \"!IsQuestObjectiveComplete(35668,1) && HasQuest(35668)\"\r\n                },\r\n                \"IsNot\": false\r\n              },\r\n              {\r\n                \"Condition\": null,\r\n                \"IsNot\": false\r\n              },\r\n              {\r\n                \"Condition\": null,\r\n                \"IsNot\": false\r\n              },\r\n              {\r\n                \"Condition\": null,\r\n                \"IsNot\": false\r\n              }\r\n            ],\r\n            \"IsNot\": false,\r\n            \"CheckFrequently\": true\r\n          },\r\n          {\r\n            \"$type\": \"Wait\",\r\n            \"Delay\": 1.0,\r\n            \"DelayMax\": 0.0\r\n          },\r\n          {\r\n            \"$type\": \"CSharpAction\",\r\n            \"CSharpCode\": \"DisableCombat = false;\"\r\n          }\r\n        ],\r\n        \"IsSpecialElement\": true,\r\n        \"SpecialElementName\": \"Do\",\r\n        \"GroupName\": \"\"\r\n      },\r\n      \"Conditions\": [\r\n        {\r\n          \"Condition\": {\r\n            \"$type\": \"CSharpCondition\",\r\n            \"CSharpCode\": \"HasQuest(35668) && !IsQuestInLogAndComplete(35668)\"\r\n          },\r\n          \"IsNot\": false\r\n        },\r\n        {\r\n          \"Condition\": null,\r\n          \"IsNot\": false\r\n        },\r\n        {\r\n          \"Condition\": null,\r\n          \"IsNot\": false\r\n        },\r\n        {\r\n          \"Condition\": null,\r\n          \"IsNot\": false\r\n        }\r\n      ],\r\n      \"IsNot\": false\r\n    }\r\n  ],\r\n  \"GroupName\": \"\"\r\n}",
  "ActionOrder": 1,
  "Actions": []
}