{
  "QuestID": 35671,
  "Version": 4,
  "FactionGroup": 1,
  "CreatedOn": "2014-11-26T22:17:17.6340748Z",
  "UpdatedOn": "2015-08-07T21:33:24.6495044Z",
  "Comment": "",
  "CreatedBy": null,
  "AllowUpdates": false,
  "RecommendedLevel": 96,
  "Frequency": 1,
  "IsStory": true,
  "QuestStart": {
    "ObjectName": "Reshad",
    "EntryId": 81770,
    "AdditionalEntryIds": null,
    "ContinentId": 1116,
    "ZoneId": 6722,
    "Position": "-413.4514 1737.877 45.62149",
    "TurnInType": 0,
    "IsIndoors": true,
    "MyFaction": 0
  },
  "QuestEnd": {
    "ObjectName": "Shadow-Sage Iskar",
    "EntryId": 80153,
    "AdditionalEntryIds": [
      82720,
      80153
    ],
    "ContinentId": 1116,
    "ZoneId": 6722,
    "Position": "-459.2104 1862.558 41.12117",
    "TurnInType": 0,
    "MyFaction": 1
  },
  "ActionOrder": 1,
  "Actions": []
}