{
  "QuestID": 35672,
  "Version": 4,
  "FactionGroup": 1,
  "CreatedOn": "2015-05-14T07:17:00.2103587Z",
  "UpdatedOn": "2015-08-07T21:35:11.4915059Z",
  "Comment": "",
  "CreatedBy": null,
  "AllowUpdates": false,
  "RecommendedLevel": 97,
  "Frequency": 1,
  "QuestStart": {
    "ObjectName": "Wanted Poster",
    "EntryId": 233099,
    "AdditionalEntryIds": null,
    "ContinentId": 1116,
    "ZoneId": 6722,
    "Position": "-358.027 2250.038 27.75327",
    "TurnInType": 1,
    "IsIndoors": true,
    "MyFaction": 1
  },
  "QuestEnd": {
    "ObjectName": "Hutou Featherwind",
    "EntryId": 82612,
    "AdditionalEntryIds": null,
    "ContinentId": 1116,
    "ZoneId": 6722,
    "Position": "-368.5955 2287.085 34.01545",
    "TurnInType": 0,
    "MyFaction": 1
  },
  "ActionOrder": 1,
  "Actions": [
    {
      "$type": "MoveToTemplate",
      "Hotspots": [
        {
          "Position": "605.0449 961.9141 98.8018",
          "GroundPosition": "0 0 0",
          "IsGroundPosition": false,
          "ContinentId": 1116
        }
      ],
      "PreventMounting": false,
      "GameObjectiveIndex": 0,
      "RunTime": 5.0
    },
    {
      "$type": "KillMobsTemplate",
      "TargetObjects": [
        {
          "Hotspot": {
            "Position": "621.1754 982.2969 107.7829",
            "GroundPosition": "0 0 0",
            "IsGroundPosition": false,
            "ContinentId": 1116
          },
          "Name": "Venombarb",
          "EntryId": 82646,
          "CSharpCode": ""
        }
      ],
      "HotspotsX": [
        {
          "Position": "602.4053 958.8329 97.60087",
          "GroundPosition": "0 0 0",
          "UseCTM": true,
          "IsGroundPosition": false,
          "ContinentId": 1116
        }
      ],
      "Blackspots": [],
      "ForceLoot": false,
      "ForcePullMobs": true,
      "GameObjectiveIndex": 1,
      "RunTime": 5.0
    }
  ]
}