{
  "QuestID": 35707,
  "Version": 3,
  "FactionGroup": 1,
  "CreatedOn": "2014-11-19T14:58:02.6963913Z",
  "UpdatedOn": "2015-08-07T09:34:57.6363296Z",
  "Comment": "",
  "CreatedBy": null,
  "AllowUpdates": false,
  "RecommendedLevel": 92,
  "Frequency": 1,
  "IsStory": true,
  "QuestStart": {
    "ObjectName": "Penny Clobberbottom",
    "EntryId": 85077,
    "AdditionalEntryIds": null,
    "ContinentId": 1116,
    "ZoneId": 6721,
    "Position": "5793.926 1275.813 109.2719",
    "TurnInType": 0,
    "IsIndoors": true,
    "MyFaction": 0
  },
  "QuestEnd": {
    "ObjectName": "Penny Clobberbottom",
    "EntryId": 82574,
    "AdditionalEntryIds": null,
    "ContinentId": 1116,
    "ZoneId": 6721,
    "Position": "5690.503 493.5052 105.4634",
    "TurnInType": 0,
    "MyFaction": 1
  },
  "ActionOrder": 1,
  "Actions": []
}