{
  "QuestID": 35705,
  "Version": 5,
  "FactionGroup": 1,
  "CreatedOn": "2015-06-10T08:17:22.1821792Z",
  "UpdatedOn": "2015-08-07T21:36:08.1990454Z",
  "Comment": "",
  "CreatedBy": null,
  "AllowUpdates": false,
  "RecommendedLevel": 96,
  "Frequency": 1,
  "QuestStart": {
    "ObjectName": "Provisioner Galgar",
    "EntryId": 82691,
    "AdditionalEntryIds": null,
    "ContinentId": 1116,
    "ZoneId": 6722,
    "Position": "-361.1189 2253.28 27.66786",
    "TurnInType": 0,
    "MyFaction": 1
  },
  "QuestEnd": {
    "ObjectName": "Mixxy Weldblast",
    "EntryId": 82713,
    "AdditionalEntryIds": null,
    "ContinentId": 1116,
    "ZoneId": 6722,
    "Position": "-267.8767 1285.938 20.25583",
    "TurnInType": 0,
    "MyFaction": 1
  },
  "ActionOrder": 1,
  "Actions": []
}