{
  "QuestID": 35718,
  "Version": 2,
  "FactionGroup": 1,
  "CreatedOn": "2015-08-07T21:46:30.0954007Z",
  "UpdatedOn": "2015-08-07T21:46:31.98214Z",
  "Comment": "",
  "CreatedBy": null,
  "AllowUpdates": false,
  "RecommendedLevel": 96,
  "Frequency": 1,
  "QuestStart": {
    "ObjectName": "Mixxy Weldblast",
    "EntryId": 82713,
    "AdditionalEntryIds": null,
    "ContinentId": 1116,
    "ZoneId": 6722,
    "Position": "-267.8767 1285.938 20.25582",
    "TurnInType": 0,
    "MyFaction": 1
  },
  "QuestEnd": {
    "ObjectName": "Trixxy Weldblast",
    "EntryId": 82786,
    "AdditionalEntryIds": null,
    "ContinentId": 1116,
    "ZoneId": 6722,
    "Position": "-763.7934 1032.913 7.370929",
    "TurnInType": 0,
    "MyFaction": 1
  },
  "ActionOrder": 1,
  "Actions": []
}