{
  "QuestID": 35738,
  "Version": 4,
  "FactionGroup": 1,
  "CreatedOn": "2015-08-03T23:30:24.2152622Z",
  "UpdatedOn": "2015-08-07T21:48:21.9138691Z",
  "Comment": "",
  "CreatedBy": null,
  "AllowUpdates": false,
  "RecommendedLevel": 96,
  "Frequency": 1,
  "QuestStart": {
    "ObjectName": "Trixxy Weldblast",
    "EntryId": 82786,
    "AdditionalEntryIds": null,
    "ContinentId": 1116,
    "ZoneId": 6722,
    "Position": "-763.7934 1032.913 7.370835",
    "TurnInType": 0,
    "MyFaction": 1
  },
  "ActionOrder": 1,
  "Actions": [
    {
      "$type": "KillMobsTemplate",
      "TargetObjects": [
        {
          "Hotspot": {
            "Position": "-920.0833 983.3785 9.99051",
            "GroundPosition": "0 0 0",
            "IsGroundPosition": false,
            "ContinentId": 1116
          },
          "Name": "Smoldering Ancient",
          "EntryId": 82805
        },
        {
          "Hotspot": {
            "Position": "-880.9861 1158.67 15.14406",
            "GroundPosition": "0 0 0",
            "IsGroundPosition": false,
            "ContinentId": 1116
          },
          "Name": "Ignited Ancient",
          "EntryId": 82800
        }
      ],
      "HotspotsX": [
        {
          "Position": "-938.1055 967.0648 10.67176",
          "GroundPosition": "0 0 0",
          "IsGroundPosition": false,
          "ContinentId": 1116
        },
        {
          "Position": "-872.5243 948.468 9.910179",
          "GroundPosition": "0 0 0",
          "IsGroundPosition": false,
          "ContinentId": 1116
        },
        {
          "Position": "-786.8621 1019.384 8.320712",
          "GroundPosition": "0 0 0",
          "IsGroundPosition": false,
          "ContinentId": 1116
        },
        {
          "Position": "-872.0403 1130.908 13.64617",
          "GroundPosition": "0 0 0",
          "IsGroundPosition": false,
          "ContinentId": 1116
        }
      ],
      "Blackspots": [],
      "ForceLoot": false,
      "ForcePullMobs": false,
      "GameObjectiveIndex": 1,
      "RunTime": 5.0
    }
  ]
}