{
  "QuestID": 35766,
  "Version": 3,
  "FactionGroup": 1,
  "CreatedOn": "2015-08-03T23:14:22.0298147Z",
  "UpdatedOn": "2015-08-07T21:48:29.6600764Z",
  "Comment": "",
  "CreatedBy": null,
  "AllowUpdates": false,
  "RecommendedLevel": 96,
  "Frequency": 1,
  "QuestStart": {
    "ObjectName": "Trixxy Weldblast",
    "EntryId": 82786,
    "AdditionalEntryIds": null,
    "ContinentId": 1116,
    "ZoneId": 6722,
    "Position": "-763.7934 1032.913 7.370835",
    "TurnInType": 0,
    "MyFaction": 1
  },
  "ActionOrder": 1,
  "Actions": [
    {
      "$type": "UseItemTemplate",
      "UseMethod": 0,
      "OverrideCooldown": 0.0,
      "OverrideCastTime": 0.0,
      "StayMounted": false,
      "MinCastRange": 4.5,
      "DontFilterDeadUnits": false,
      "UseCount": 1,
      "TargetUnits": [],
      "HotspotsX": [
        {
          "Position": "-952.4261 979.6857 9.269283",
          "GroundPosition": "0 0 0",
          "IsGroundPosition": false,
          "ContinentId": 1116
        }
      ],
      "Blackspots": [],
      "Item": [
        {
          "Name": "Ghostogrifier 12000",
          "EntryId": 113438
        }
      ],
      "BanTime": 120.0,
      "BanMobCombatAfterUse": false,
      "GameObjectiveIndex": 0,
      "RunTime": 5.0
    },
    {
      "$type": "WaitTemplate",
      "TimeSeconds": 13.0,
      "GameObjectiveIndex": 0,
      "RunTime": 5.0
    },
    {
      "$type": "KillMobsTemplate",
      "TargetObjects": [
        {
          "Hotspot": {
            "Position": "-955.4681 981.7322 9.269011",
            "GroundPosition": "0 0 0",
            "IsGroundPosition": false,
            "ContinentId": 1116
          },
          "Name": "Talonpriest Zekk",
          "EntryId": 82886
        }
      ],
      "HotspotsX": [
        {
          "Position": "-952.4261 979.6857 9.269283",
          "GroundPosition": "0 0 0",
          "IsGroundPosition": false,
          "ContinentId": 1116
        }
      ],
      "Blackspots": [],
      "ForceLoot": false,
      "ForcePullMobs": false,
      "GameObjectiveIndex": 1,
      "RunTime": 5.0
    }
  ]
}