{
  "QuestID": 35815,
  "Version": 3,
  "FactionGroup": 1,
  "CreatedOn": "2015-02-20T08:37:57.8772867Z",
  "UpdatedOn": "2015-08-07T09:51:08.0729213Z",
  "Comment": "",
  "CreatedBy": null,
  "AllowUpdates": false,
  "QuestStart": {
    "ObjectName": "Item",
    "EntryId": 0,
    "AdditionalEntryIds": null,
    "ContinentId": 1116,
    "ZoneId": 6721,
    "Position": "6771.325 1102.161 68.76568",
    "TurnInType": 3,
    "MyFaction": 1
  },
  "QuestEnd": {
    "ObjectName": "Durotan",
    "EntryId": 74594,
    "AdditionalEntryIds": null,
    "ContinentId": 1116,
    "ZoneId": 6721,
    "Position": "5763.857 1297.016 106.9531",
    "TurnInType": 0,
    "MyFaction": 1
  },
  "ActionOrder": 1,
  "Actions": []
}