{
  "QuestID": 35811,
  "Version": 3,
  "FactionGroup": 1,
  "CreatedOn": "2015-02-22T08:49:27.0108567Z",
  "UpdatedOn": "2015-08-07T09:56:45.045294Z",
  "Comment": "",
  "CreatedBy": null,
  "AllowUpdates": false,
  "QuestStart": {
    "ObjectName": "Item",
    "EntryId": 0,
    "AdditionalEntryIds": null,
    "ContinentId": 1116,
    "ZoneId": 6721,
    "Position": "6066.054 1575.542 76.0773",
    "TurnInType": 3,
    "MyFaction": 1
  },
  "QuestEnd": {
    "ObjectName": "Durotan",
    "EntryId": 74594,
    "AdditionalEntryIds": null,
    "ContinentId": 1116,
    "ZoneId": 6721,
    "Position": "5763.857 1297.016 106.9531",
    "TurnInType": 0,
    "MyFaction": 1
  },
  "ActionOrder": 1,
  "Actions": []
}