{
  "QuestID": 36062,
  "Version": 2,
  "FactionGroup": 1,
  "CreatedOn": "2015-08-07T10:08:50.1660196Z",
  "UpdatedOn": "2015-08-07T10:08:54.0197511Z",
  "Comment": "",
  "CreatedBy": null,
  "AllowUpdates": false,
  "QuestStart": {
    "ObjectName": "Kimzee Pinchwhistle",
    "EntryId": 82468,
    "AdditionalEntryIds": null,
    "ContinentId": 1116,
    "ZoneId": 6722,
    "Position": "-1559.517 948.3993 7.990669",
    "TurnInType": 0,
    "IsIndoors": true,
    "MyFaction": 0
  },
  "ActionOrder": 1,
  "Actions": []
}