{
  "QuestID": 36207,
  "Version": 9,
  "FactionGroup": 1,
  "CreatedOn": "2015-01-24T09:50:55.9913088Z",
  "UpdatedOn": "2015-08-06T21:34:08.3394338Z",
  "Comment": "",
  "CreatedBy": null,
  "AllowUpdates": false,
  "RecommendedLevel": 90,
  "Frequency": 1,
  "QuestStart": {
    "ObjectName": "Axe-Shaper Kugra",
    "EntryId": 78989,
    "AdditionalEntryIds": null,
    "ContinentId": 1116,
    "ZoneId": 6720,
    "Position": "6118.715 4986.791 133.5159",
    "TurnInType": 0,
    "MyFaction": 1
  },
  "QuestEnd": {
    "ObjectName": "Waruk the Frostforger",
    "EntryId": 84494,
    "AdditionalEntryIds": null,
    "ContinentId": 1116,
    "ZoneId": 6720,
    "Position": "6287.924 4688.177 140.206",
    "TurnInType": 0,
    "MyFaction": 1
  },
  "ActionOrder": 1,
  "Actions": []
}