{
  "QuestID": 36205,
  "Version": 4,
  "FactionGroup": 1,
  "CreatedOn": "2015-01-11T05:22:54.3928948Z",
  "UpdatedOn": "2015-08-06T21:05:25.3520936Z",
  "Comment": "",
  "CreatedBy": null,
  "AllowUpdates": false,
  "QuestStart": {
    "ObjectName": "Item",
    "EntryId": 0,
    "AdditionalEntryIds": null,
    "ContinentId": 1116,
    "ZoneId": 6720,
    "Position": "6630.061 5669.901 318.9636",
    "TurnInType": 3,
    "MyFaction": 1
  },
  "QuestEnd": {
    "ObjectName": "Axe-Shaper Kugra",
    "EntryId": 78989,
    "AdditionalEntryIds": null,
    "ContinentId": 1116,
    "ZoneId": 6720,
    "Position": "6118.715 4986.791 133.5156",
    "TurnInType": 0,
    "MyFaction": 1
  },
  "ActionOrder": 1,
  "Actions": []
}