{
  "QuestID": 36255,
  "Version": 3,
  "FactionGroup": 1,
  "CreatedOn": "2015-01-20T05:45:45.184134Z",
  "UpdatedOn": "2015-08-06T21:06:10.2261655Z",
  "Comment": "",
  "CreatedBy": null,
  "AllowUpdates": false,
  "QuestStart": {
    "ObjectName": "Item",
    "EntryId": 0,
    "AdditionalEntryIds": null,
    "ContinentId": 1116,
    "ZoneId": 6720,
    "Position": "6630.061 5669.901 318.9636",
    "TurnInType": 3,
    "MyFaction": 1
  },
  "QuestEnd": {
    "ObjectName": "Yu'rina the Mystic",
    "EntryId": 83482,
    "AdditionalEntryIds": null,
    "ContinentId": 1116,
    "ZoneId": 7004,
    "Position": "5637.029 4554.463 119.3222",
    "TurnInType": 0,
    "MyFaction": 1
  },
  "ActionOrder": 1,
  "Actions": []
}