{
  "QuestID": 36257,
  "Version": 5,
  "FactionGroup": 1,
  "CreatedOn": "2015-01-24T00:00:54.3933812Z",
  "UpdatedOn": "2015-08-06T21:21:27.362693Z",
  "Comment": "",
  "CreatedBy": null,
  "AllowUpdates": false,
  "RecommendedLevel": 90,
  "Frequency": 1,
  "QuestStart": {
    "ObjectName": "Arcanist Delath",
    "EntryId": 84739,
    "AdditionalEntryIds": null,
    "ContinentId": 1116,
    "ZoneId": 6720,
    "Position": "6165.29 4180.65 108.0957",
    "TurnInType": 0,
    "MyFaction": 1
  },
  "QuestEnd": {
    "ObjectName": "Torag Stonefury",
    "EntryId": 84747,
    "AdditionalEntryIds": null,
    "ContinentId": 1116,
    "ZoneId": 6720,
    "Position": "6293.173 4087.061 92.29553",
    "TurnInType": 0,
    "MyFaction": 1
  },
  "ActionOrder": 1,
  "Actions": [
    {
      "$type": "CollectObjectsTemplate",
      "TargetObjects": [
        {
          "Hotspot": {
            "Position": "6293.173 4087.061 92.29536",
            "GroundPosition": "0 0 0",
            "IsGroundPosition": false,
            "ContinentId": 1116
          },
          "Name": "Torag Stonefury",
          "EntryId": 84834
        }
      ],
      "HotspotsX": [
        {
          "Position": "6294.811 4086.33 92.26032",
          "GroundPosition": "0 0 0",
          "IsGroundPosition": false,
          "ContinentId": 1116
        }
      ],
      "Blackspots": [],
      "IsLoot": false,
      "OpeningCast": true,
      "NoMovement": false,
      "GameObjectiveIndex": 1,
      "RunTime": 5.0
    }
  ]
}