{
  "QuestID": 36352,
  "Version": 5,
  "FactionGroup": 1,
  "CreatedOn": "2015-01-22T22:07:11.3728958Z",
  "UpdatedOn": "2015-08-06T21:20:46.0350401Z",
  "Comment": "",
  "CreatedBy": null,
  "AllowUpdates": false,
  "RecommendedLevel": 90,
  "Frequency": 1,
  "QuestStart": {
    "ObjectName": "\"Appraiser\" Sazsel Stickyfingers",
    "EntryId": 84967,
    "AdditionalEntryIds": null,
    "ContinentId": 1116,
    "ZoneId": 7004,
    "Position": "5626.771 4457.813 130.1947",
    "TurnInType": 0,
    "MyFaction": 1
  },
  "QuestEnd": {
    "ObjectName": "Gem Grinder Orolak",
    "EntryId": 85106,
    "AdditionalEntryIds": null,
    "ContinentId": 1116,
    "ZoneId": 6720,
    "Position": "5976.258 6278.611 49.5757",
    "TurnInType": 0,
    "IsIndoors": true,
    "MyFaction": 1
  },
  "ActionOrder": 1,
  "Actions": []
}