{
  "QuestID": 36417,
  "Version": 3,
  "FactionGroup": 1,
  "CreatedOn": "2015-01-11T07:43:41.114334Z",
  "UpdatedOn": "2015-08-06T21:09:46.5361959Z",
  "Comment": "",
  "CreatedBy": null,
  "AllowUpdates": false,
  "QuestStart": {
    "ObjectName": "Trega",
    "EntryId": 84689,
    "AdditionalEntryIds": null,
    "ContinentId": 1116,
    "ZoneId": 6720,
    "Position": "5804.3 6254.77 86.4893",
    "TurnInType": 0,
    "IsIndoors": true,
    "MyFaction": 1
  },
  "ActionOrder": 1,
  "Actions": [
    {
      "$type": "KillMobsTemplate",
      "TargetObjects": [
        {
          "Hotspot": {
            "Position": "6660.144 5998.581 124.9135",
            "GroundPosition": "0 0 0",
            "IsGroundPosition": false,
            "ContinentId": 1116
          },
          "Name": "Sootstained Enforcer",
          "EntryId": 72833
        },
        {
          "Hotspot": {
            "Position": "6638.268 5937.292 126.7144",
            "GroundPosition": "0 0 0",
            "IsGroundPosition": false,
            "ContinentId": 1116
          },
          "Name": "Sootstained Slaver",
          "EntryId": 72752
        },
        {
          "Hotspot": {
            "Position": "6610.292 5881.88 135.8361",
            "GroundPosition": "0 0 0",
            "IsGroundPosition": false,
            "ContinentId": 1116
          },
          "Name": "Sootstained Mauler",
          "EntryId": 73490
        },
        {
          "Hotspot": {
            "Position": "6533.909 5862.689 142.2119",
            "GroundPosition": "0 0 0",
            "IsGroundPosition": false,
            "ContinentId": 1116
          },
          "Name": "Bladespire Chef",
          "EntryId": 73555
        }
      ],
      "HotspotsX": [
        {
          "Position": "6591.833 5807.336 154.3826",
          "GroundPosition": "0 0 0",
          "IsGroundPosition": false,
          "ContinentId": 1116
        },
        {
          "Position": "6526.904 5855.865 142.8276",
          "GroundPosition": "0 0 0",
          "IsGroundPosition": false,
          "ContinentId": 1116
        },
        {
          "Position": "6620.829 5898.453 131.4391",
          "GroundPosition": "0 0 0",
          "IsGroundPosition": false,
          "ContinentId": 1116
        },
        {
          "Position": "6600.902 5953.5 126.885",
          "GroundPosition": "0 0 0",
          "IsGroundPosition": false,
          "ContinentId": 1116
        },
        {
          "Position": "6668.06 5955.013 126.7405",
          "GroundPosition": "0 0 0",
          "IsGroundPosition": false,
          "ContinentId": 1116
        },
        {
          "Position": "6657.971 5990.214 125.2069",
          "GroundPosition": "0 0 0",
          "IsGroundPosition": false,
          "ContinentId": 1116
        }
      ],
      "Blackspots": [],
      "ForceLoot": true,
      "ForcePullMobs": false,
      "GameObjectiveIndex": 1,
      "RunTime": 5.0
    }
  ]
}