{
  "QuestID": 36419,
  "Version": 2,
  "FactionGroup": 1,
  "CreatedOn": "2015-08-06T21:13:49.3991766Z",
  "UpdatedOn": "2015-08-06T21:13:51.9363253Z",
  "Comment": "",
  "CreatedBy": null,
  "AllowUpdates": false,
  "QuestStart": {
    "ObjectName": "Trega",
    "EntryId": 84689,
    "AdditionalEntryIds": null,
    "ContinentId": 1116,
    "ZoneId": 6720,
    "Position": "5804.3 6254.77 86.48981",
    "TurnInType": 0,
    "IsIndoors": true,
    "MyFaction": 1
  },
  "ActionOrder": 1,
  "Actions": [
    {
      "$type": "CollectObjectsTemplate",
      "TargetObjects": [
        {
          "Hotspot": {
            "Position": "5801.669 6254.563 86.48883",
            "GroundPosition": "0 0 0",
            "IsGroundPosition": false,
            "IsIndoors": true,
            "ContinentId": 1116
          },
          "Name": "Flytrap Ichor",
          "EntryId": 236445
        }
      ],
      "HotspotsX": [
        {
          "Position": "5804.23 6255.459 86.48949",
          "GroundPosition": "0 0 0",
          "IsGroundPosition": false,
          "IsIndoors": true,
          "ContinentId": 1116
        }
      ],
      "Blackspots": [],
      "IsLoot": true,
      "OpeningCast": false,
      "NoMovement": false,
      "GameObjectiveIndex": 1,
      "RunTime": 5.0
    }
  ]
}