{
  "QuestID": 36425,
  "Version": 7,
  "FactionGroup": 1,
  "CreatedOn": "2014-11-27T01:33:58.7009319Z",
  "UpdatedOn": "2015-08-07T21:37:58.0194313Z",
  "Comment": "",
  "CreatedBy": null,
  "AllowUpdates": false,
  "RecommendedLevel": 96,
  "Frequency": 1,
  "QuestStart": {
    "ObjectName": "Ravager Egg",
    "EntryId": 85425,
    "AdditionalEntryIds": null,
    "ContinentId": 1116,
    "ZoneId": 6722,
    "Position": "104.0451 1824.616 24.85713",
    "TurnInType": 0,
    "MyFaction": 1
  },
  "QuestEnd": {
    "ObjectName": "WatchFramePopup",
    "EntryId": 0,
    "AdditionalEntryIds": [],
    "ContinentId": 1116,
    "ZoneId": 6722,
    "Position": "0 0 0",
    "TurnInType": 4,
    "MyFaction": 1
  },
  "ActionOrder": 1,
  "Actions": [
    {
      "$type": "CollectObjectsTemplate",
      "TargetObjects": [
        {
          "Hotspot": {
            "Position": "199.9392 1801.701 33.5393",
            "GroundPosition": "0 0 0",
            "IsGroundPosition": false,
            "ContinentId": 1116
          },
          "Name": "Ravager Egg",
          "EntryId": 85422
        }
      ],
      "HotspotsX": [
        {
          "Position": "159.2269 1795.233 23.26387",
          "GroundPosition": "0 0 0",
          "IsGroundPosition": false,
          "ContinentId": 1116
        }
      ],
      "Blackspots": [],
      "IsLoot": true,
      "OpeningCast": false,
      "NoMovement": false,
      "GameObjectiveIndex": 1,
      "RunTime": 5.0
    }
  ]
}