{
  "QuestID": 36435,
  "Version": 3,
  "FactionGroup": 1,
  "CreatedOn": "2015-01-11T06:31:36.6972661Z",
  "UpdatedOn": "2015-08-06T21:05:47.0561818Z",
  "Comment": "",
  "CreatedBy": null,
  "AllowUpdates": false,
  "QuestStart": {
    "ObjectName": "Item",
    "EntryId": 0,
    "AdditionalEntryIds": null,
    "ContinentId": 1116,
    "ZoneId": 6720,
    "Position": "6630.061 5669.901 318.9636",
    "TurnInType": 3,
    "MyFaction": 1
  },
  "QuestEnd": {
    "ObjectName": "Raleigh Puule",
    "EntryId": 85439,
    "AdditionalEntryIds": null,
    "ContinentId": 1116,
    "ZoneId": 6720,
    "Position": "5988.233 6217.999 49.90645",
    "TurnInType": 0,
    "IsIndoors": true,
    "MyFaction": 1
  },
  "ActionOrder": 1,
  "Actions": []
}