{
  "QuestID": 36457,
  "Version": 4,
  "FactionGroup": 1,
  "CreatedOn": "2015-01-26T08:22:26.2672993Z",
  "UpdatedOn": "2015-08-06T21:09:25.4061995Z",
  "Comment": "",
  "CreatedBy": null,
  "AllowUpdates": false,
  "RecommendedLevel": 90,
  "Frequency": 1,
  "QuestStart": {
    "ObjectName": "Raleigh Puule",
    "EntryId": 85439,
    "AdditionalEntryIds": null,
    "ContinentId": 1116,
    "ZoneId": 6720,
    "Position": "5988.233 6217.999 49.90797",
    "TurnInType": 0,
    "IsIndoors": true,
    "MyFaction": 1
  },
  "QuestEnd": {
    "ObjectName": "Nicholaus Page",
    "EntryId": 85440,
    "AdditionalEntryIds": null,
    "ContinentId": 1116,
    "ZoneId": 6720,
    "Position": "5372.842 3757.767 119.0919",
    "TurnInType": 0,
    "MyFaction": 1
  },
  "ActionOrder": 1,
  "Actions": [
    {
      "$type": "MoveToTemplate",
      "Hotspots": [
        {
          "Position": "5370.742 3762.989 119.0935",
          "GroundPosition": "0 0 0",
          "IsGroundPosition": false,
          "ContinentId": 1116
        }
      ],
      "PreventMounting": false,
      "GameObjectiveIndex": 1,
      "RunTime": 5.0
    }
  ]
}