{
  "QuestID": 36474,
  "Version": 3,
  "FactionGroup": 1,
  "CreatedOn": "2014-11-18T14:35:09.1047952Z",
  "UpdatedOn": "2015-08-07T09:32:18.9323219Z",
  "Comment": "",
  "CreatedBy": null,
  "AllowUpdates": false,
  "RecommendedLevel": 93,
  "Frequency": 1,
  "IsStory": true,
  "QuestStart": {
    "ObjectName": "Durotan",
    "EntryId": 74594,
    "AdditionalEntryIds": null,
    "ContinentId": 1116,
    "ZoneId": 6721,
    "Position": "5763.857 1297.016 106.9531",
    "TurnInType": 0,
    "IsIndoors": true,
    "MyFaction": 0
  },
  "QuestEnd": {
    "ObjectName": "Draka",
    "EntryId": 74593,
    "AdditionalEntryIds": null,
    "ContinentId": 1116,
    "ZoneId": 6721,
    "Position": "5693.852 1257.575 84.0599",
    "TurnInType": 0,
    "MyFaction": 1
  },
  "ActionOrder": 1,
  "Actions": []
}