{
  "QuestID": 36503,
  "Version": 3,
  "FactionGroup": 1,
  "CreatedOn": "2015-02-18T18:37:24.4610314Z",
  "UpdatedOn": "2015-08-07T09:49:22.5785148Z",
  "Comment": "",
  "CreatedBy": null,
  "AllowUpdates": false,
  "QuestStart": {
    "ObjectName": "Item",
    "EntryId": 0,
    "AdditionalEntryIds": null,
    "ContinentId": 1116,
    "ZoneId": 6721,
    "Position": "6687.488 231.8974 57.18132",
    "TurnInType": 3,
    "MyFaction": 1
  },
  "QuestEnd": {
    "ObjectName": "Durotan",
    "EntryId": 74594,
    "AdditionalEntryIds": null,
    "ContinentId": 1116,
    "ZoneId": 6721,
    "Position": "5763.857 1297.016 106.9528",
    "TurnInType": 0,
    "MyFaction": 1
  },
  "ActionOrder": 1,
  "Actions": []
}