{
  "QuestID": 36512,
  "Version": 2,
  "FactionGroup": 1,
  "CreatedOn": "2015-08-07T11:11:15.3139603Z",
  "UpdatedOn": "2015-08-07T11:11:17.9949856Z",
  "Comment": "",
  "CreatedBy": null,
  "AllowUpdates": false,
  "QuestStart": {
    "ObjectName": "Soulbinder Tuulani",
    "EntryId": 79434,
    "AdditionalEntryIds": null,
    "ContinentId": 1116,
    "ZoneId": 6662,
    "Position": "1484.137 3071.385 109.7674",
    "TurnInType": 0,
    "IsIndoors": true,
    "MyFaction": 0
  },
  "ActionOrder": 1,
  "Actions": []
}