{
  "QuestID": 36567,
  "Version": 34,
  "FactionGroup": 1,
  "CreatedOn": "2014-11-17T02:46:59.8354995Z",
  "UpdatedOn": "2015-08-06T21:19:28.2209764Z",
  "Comment": "",
  "CreatedBy": null,
  "AllowUpdates": false,
  "RecommendedLevel": 92,
  "Frequency": 1,
  "QuestStart": {
    "ObjectName": "Gazlowe",
    "EntryId": 78466,
    "AdditionalEntryIds": null,
    "ContinentId": 1152,
    "ZoneId": 7004,
    "Position": "5564.242 4517.042 132.0621",
    "TurnInType": 0,
    "MyFaction": 1
  },
  "UseScript": true,
  "ScriptText": "{\r\n  \"Children\": [\r\n    {\r\n      \"$type\": \"CollectObjectsTemplateScriptAction\",\r\n      \"Template\": {\r\n        \"$type\": \"CollectObjectsTemplate\",\r\n        \"TargetObjects\": [\r\n          {\r\n            \"Hotspot\": {\r\n              \"Position\": \"5589.409 4596.851 136.5875\",\r\n              \"GroundPosition\": \"0 0 0\",\r\n              \"IsGroundPosition\": false,\r\n              \"ContinentId\": 1330\r\n            },\r\n            \"Name\": \"Full Garrison Cache\",\r\n            \"EntryId\": 237722,\r\n            \"CSharpCode\": \"\"\r\n          },\r\n          {\r\n            \"Hotspot\": {\r\n              \"Position\": \"5589.409 4596.851 136.5875\",\r\n              \"GroundPosition\": \"0 0 0\",\r\n              \"IsGroundPosition\": false,\r\n              \"ContinentId\": 1330\r\n            },\r\n            \"Name\": \"Hefty Garrison Cache\",\r\n            \"EntryId\": 237720\r\n          },\r\n          {\r\n            \"Hotspot\": {\r\n              \"Position\": \"5589.409 4596.851 136.5875\",\r\n              \"GroundPosition\": \"0 0 0\",\r\n              \"IsGroundPosition\": false,\r\n              \"ContinentId\": 1330\r\n            },\r\n            \"Name\": \"Garrison Cache\",\r\n            \"EntryId\": 237191\r\n          },\r\n          {\r\n            \"Hotspot\": {\r\n              \"Position\": \"5589.409 4596.851 136.5875\",\r\n              \"GroundPosition\": \"0 0 0\",\r\n              \"IsGroundPosition\": false,\r\n              \"ContinentId\": 1330\r\n            },\r\n            \"Name\": \"Full Garrison Cache\",\r\n            \"EntryId\": 237724\r\n          }\r\n        ],\r\n        \"HotspotsX\": [\r\n          {\r\n            \"Position\": \"5592.155 4594.271 136.5865\",\r\n            \"GroundPosition\": \"5593.5 4594.271 136.8937\",\r\n            \"IsGroundPosition\": false,\r\n            \"ContinentId\": 1330\r\n          }\r\n        ],\r\n        \"Blackspots\": [],\r\n        \"IsLoot\": true,\r\n        \"OpeningCast\": false,\r\n        \"NoMovement\": false,\r\n        \"GameObjectiveIndex\": 1,\r\n        \"RunTime\": 5.0\r\n      },\r\n      \"TimeLimit\": 0\r\n    },\r\n    {\r\n      \"$type\": \"Wait\",\r\n      \"Delay\": 2.0,\r\n      \"DelayMax\": 4.0\r\n    },\r\n    {\r\n      \"$type\": \"While\",\r\n      \"LoopActions\": {\r\n        \"Children\": [\r\n          {\r\n            \"$type\": \"MoveTo\",\r\n            \"Hotspot\": {\r\n              \"Position\": \"5572.696 4514.945 130.8553\",\r\n              \"GroundPosition\": \"0 0 0\",\r\n              \"NoMount\": true,\r\n              \"IsGroundPosition\": false,\r\n              \"ContinentId\": 1152\r\n            },\r\n            \"Method\": \"Navi\"\r\n          },\r\n          {\r\n            \"$type\": \"Wait\",\r\n            \"Delay\": 1.0,\r\n            \"DelayMax\": 2.0\r\n          },\r\n          {\r\n            \"$type\": \"CollectObjectsTemplateScriptAction\",\r\n            \"Template\": {\r\n              \"$type\": \"CollectObjectsTemplate\",\r\n              \"TargetObjects\": [\r\n                {\r\n                  \"Hotspot\": {\r\n                    \"Position\": \"5563.049 4518.574 131.9759\",\r\n                    \"GroundPosition\": \"0 0 0\",\r\n                    \"IsGroundPosition\": false,\r\n                    \"ContinentId\": 1152\r\n                  },\r\n                  \"Name\": \"Architect Table\",\r\n                  \"EntryId\": 80600\r\n                }\r\n              ],\r\n              \"HotspotsX\": [\r\n                {\r\n                  \"Position\": \"5564.885 4519.682 131.7003\",\r\n                  \"GroundPosition\": \"0 0 0\",\r\n                  \"IsGroundPosition\": false,\r\n                  \"ContinentId\": 1152\r\n                }\r\n              ],\r\n              \"Blackspots\": [],\r\n              \"IsLoot\": false,\r\n              \"OpeningCast\": false,\r\n              \"NoMovement\": false,\r\n              \"GameObjectiveIndex\": 1,\r\n              \"RunTime\": 5.0\r\n            },\r\n            \"TimeLimit\": 0\r\n          },\r\n          {\r\n            \"$type\": \"Wait\",\r\n            \"Delay\": 1.0,\r\n            \"DelayMax\": 2.0\r\n          },\r\n          {\r\n            \"$type\": \"ExecuteLua\",\r\n            \"LuaCode\": \"C_Garrison.UpgradeGarrison(true)\"\r\n          }\r\n        ],\r\n        \"IsSpecialElement\": true,\r\n        \"SpecialElementName\": \"Do\",\r\n        \"GroupName\": \"\"\r\n      },\r\n      \"Conditions\": [\r\n        {\r\n          \"Condition\": {\r\n            \"$type\": \"IsQuestObjectiveComplete\",\r\n            \"QuestId\": 36567,\r\n            \"ObjectiveIndex\": 1\r\n          },\r\n          \"IsNot\": false\r\n        },\r\n        {\r\n          \"Condition\": null,\r\n          \"IsNot\": false\r\n        },\r\n        {\r\n          \"Condition\": null,\r\n          \"IsNot\": false\r\n        },\r\n        {\r\n          \"Condition\": null,\r\n          \"IsNot\": false\r\n        }\r\n      ],\r\n      \"IsNot\": true,\r\n      \"CheckFrequently\": true\r\n    },\r\n    {\r\n      \"$type\": \"Comment\",\r\n      \"Text\": \"Cinematic Playing\",\r\n      \"Color\": \"64, 128, 128\"\r\n    },\r\n    {\r\n      \"$type\": \"Wait\",\r\n      \"Delay\": 22.0,\r\n      \"DelayMax\": 24.0\r\n    }\r\n  ],\r\n  \"GroupName\": \"\"\r\n}",
  "ActionOrder": 1,
  "Actions": []
}