{
  "QuestID": 36589,
  "Version": 4,
  "FactionGroup": 1,
  "CreatedOn": "2015-01-20T05:17:29.0749146Z",
  "UpdatedOn": "2015-08-06T21:05:33.336069Z",
  "Comment": "",
  "CreatedBy": null,
  "AllowUpdates": false,
  "QuestStart": {
    "ObjectName": "Item",
    "EntryId": 0,
    "AdditionalEntryIds": null,
    "ContinentId": 1116,
    "ZoneId": 6720,
    "Position": "6630.061 5669.901 318.9636",
    "TurnInType": 3,
    "MyFaction": 1
  },
  "QuestEnd": {
    "ObjectName": "Blixthraz Blastcharge",
    "EntryId": 85882,
    "AdditionalEntryIds": null,
    "ContinentId": 1116,
    "ZoneId": 7004,
    "Position": "5466.005 4446.936 144.8462",
    "TurnInType": 0,
    "MyFaction": 1
  },
  "ActionOrder": 1,
  "Actions": []
}