{
  "QuestID": 36594,
  "Version": 12,
  "FactionGroup": 1,
  "CreatedOn": "2015-01-18T16:15:26.4814421Z",
  "UpdatedOn": "2015-08-06T21:20:32.0291329Z",
  "Comment": "",
  "CreatedBy": null,
  "AllowUpdates": false,
  "RecommendedLevel": 90,
  "Frequency": 1,
  "QuestStart": {
    "ObjectName": "Blixthraz Blastcharge",
    "EntryId": 85882,
    "AdditionalEntryIds": null,
    "ContinentId": 1152,
    "ZoneId": 7004,
    "Position": "5632.658 4463.465 130.8014",
    "TurnInType": 0,
    "MyFaction": 1
  },
  "UseScript": true,
  "ScriptText": "{\r\n  \"Children\": [\r\n    {\r\n      \"$type\": \"LoadCSharpScript\",\r\n      \"FileName\": \"QH.cs\"\r\n    },\r\n    {\r\n      \"$type\": \"CSharpAction\",\r\n      \"CSharpCode\": \"// Initializing Instance and Injecting Custom API into Rebot\\r\\nQH.API = this;\\r\\n\"\r\n    },\r\n    {\r\n      \"$type\": \"While\",\r\n      \"LoopActions\": {\r\n        \"Children\": [\r\n          {\r\n            \"$type\": \"While\",\r\n            \"LoopActions\": {\r\n              \"Children\": [\r\n                {\r\n                  \"$type\": \"MoveTo\",\r\n                  \"Hotspot\": {\r\n                    \"Position\": \"5344.063 4016.477 132.2639\",\r\n                    \"GroundPosition\": \"0 0 0\",\r\n                    \"IsGroundPosition\": false,\r\n                    \"ContinentId\": 1116\r\n                  },\r\n                  \"Method\": \"Navi\"\r\n                },\r\n                {\r\n                  \"$type\": \"UseItemTemplateScriptAction\",\r\n                  \"Template\": {\r\n                    \"$type\": \"UseItemTemplate\",\r\n                    \"UseMethod\": 0,\r\n                    \"OverrideCooldown\": 0.0,\r\n                    \"OverrideCastTime\": 0.0,\r\n                    \"StayMounted\": false,\r\n                    \"MinCastRange\": 4.5,\r\n                    \"DontFilterDeadUnits\": false,\r\n                    \"UseCount\": 1,\r\n                    \"TargetUnits\": [],\r\n                    \"HotspotsX\": [],\r\n                    \"Blackspots\": [],\r\n                    \"Item\": [\r\n                      {\r\n                        \"Name\": \"Blixthraz's Tools\",\r\n                        \"EntryId\": 116645\r\n                      }\r\n                    ],\r\n                    \"BanTime\": 120.0,\r\n                    \"BanMobCombatAfterUse\": false,\r\n                    \"GameObjectiveIndex\": 1,\r\n                    \"RunTime\": 5.0\r\n                  },\r\n                  \"TimeLimit\": 0\r\n                },\r\n                {\r\n                  \"$type\": \"Wait\",\r\n                  \"Delay\": 3.0,\r\n                  \"DelayMax\": 4.0\r\n                },\r\n                {\r\n                  \"$type\": \"While\",\r\n                  \"LoopActions\": {\r\n                    \"Children\": [\r\n                      {\r\n                        \"$type\": \"CollectObjectsTemplateScriptAction\",\r\n                        \"Template\": {\r\n                          \"$type\": \"CollectObjectsTemplate\",\r\n                          \"TargetObjects\": [\r\n                            {\r\n                              \"Hotspot\": {\r\n                                \"Position\": \"5352.119 4009.646 132.9333\",\r\n                                \"GroundPosition\": \"0 0 0\",\r\n                                \"IsGroundPosition\": false,\r\n                                \"ContinentId\": 1116\r\n                              },\r\n                              \"Name\": \"Iron Cannon Scraps\",\r\n                              \"EntryId\": 236044\r\n                            },\r\n                            {\r\n                              \"Hotspot\": {\r\n                                \"Position\": \"5337.579 4015.546 132.1882\",\r\n                                \"GroundPosition\": \"0 0 0\",\r\n                                \"IsGroundPosition\": false,\r\n                                \"ContinentId\": 1116\r\n                              },\r\n                              \"Name\": \"Iron Cannon Scraps\",\r\n                              \"EntryId\": 236045\r\n                            },\r\n                            {\r\n                              \"Hotspot\": {\r\n                                \"Position\": \"5341.978 4011.206 132.0786\",\r\n                                \"GroundPosition\": \"0 0 0\",\r\n                                \"IsGroundPosition\": false,\r\n                                \"ContinentId\": 1116\r\n                              },\r\n                              \"Name\": \"Iron Horde Ammunition Crate\",\r\n                              \"EntryId\": 236012\r\n                            }\r\n                          ],\r\n                          \"HotspotsX\": [],\r\n                          \"Blackspots\": [],\r\n                          \"IsLoot\": true,\r\n                          \"OpeningCast\": false,\r\n                          \"NoMovement\": false,\r\n                          \"GameObjectiveIndex\": 1,\r\n                          \"RunTime\": 5.0\r\n                        },\r\n                        \"TimeLimit\": 0\r\n                      },\r\n                      {\r\n                        \"$type\": \"Wait\",\r\n                        \"Delay\": 1.0,\r\n                        \"DelayMax\": 0.0\r\n                      }\r\n                    ],\r\n                    \"IsSpecialElement\": true,\r\n                    \"SpecialElementName\": \"Do\",\r\n                    \"GroupName\": \"\"\r\n                  },\r\n                  \"Conditions\": [\r\n                    {\r\n                      \"Condition\": {\r\n                        \"$type\": \"CSharpCondition\",\r\n                        \"CSharpCode\": \"(QH.UnitFoundToLoot(236044,25) || QH.UnitFoundToLoot(236045,25) || QH.UnitFoundToLoot(236012,25)) && !IsQuestObjectiveComplete(36594,2)\"\r\n                      },\r\n                      \"IsNot\": false\r\n                    },\r\n                    {\r\n                      \"Condition\": null,\r\n                      \"IsNot\": false\r\n                    },\r\n                    {\r\n                      \"Condition\": null,\r\n                      \"IsNot\": false\r\n                    },\r\n                    {\r\n                      \"Condition\": null,\r\n                      \"IsNot\": false\r\n                    }\r\n                  ],\r\n                  \"IsNot\": false\r\n                },\r\n                {\r\n                  \"$type\": \"MoveTo\",\r\n                  \"Hotspot\": {\r\n                    \"Position\": \"5350.241 4032.982 132.9325\",\r\n                    \"GroundPosition\": \"0 0 0\",\r\n                    \"IsGroundPosition\": false,\r\n                    \"ContinentId\": 1116\r\n                  },\r\n                  \"Method\": \"Navi\"\r\n                },\r\n                {\r\n                  \"$type\": \"UseItemTemplateScriptAction\",\r\n                  \"Template\": {\r\n                    \"$type\": \"UseItemTemplate\",\r\n                    \"UseMethod\": 0,\r\n                    \"OverrideCooldown\": 0.0,\r\n                    \"OverrideCastTime\": 0.0,\r\n                    \"StayMounted\": false,\r\n                    \"MinCastRange\": 4.5,\r\n                    \"DontFilterDeadUnits\": false,\r\n                    \"UseCount\": 1,\r\n                    \"TargetUnits\": [],\r\n                    \"HotspotsX\": [],\r\n                    \"Blackspots\": [],\r\n                    \"Item\": [\r\n                      {\r\n                        \"Name\": \"Blixthraz's Tools\",\r\n                        \"EntryId\": 116645\r\n                      }\r\n                    ],\r\n                    \"BanTime\": 120.0,\r\n                    \"BanMobCombatAfterUse\": false,\r\n                    \"GameObjectiveIndex\": 1,\r\n                    \"RunTime\": 5.0\r\n                  },\r\n                  \"TimeLimit\": 0\r\n                },\r\n                {\r\n                  \"$type\": \"Wait\",\r\n                  \"Delay\": 3.0,\r\n                  \"DelayMax\": 4.0\r\n                },\r\n                {\r\n                  \"$type\": \"While\",\r\n                  \"LoopActions\": {\r\n                    \"Children\": [\r\n                      {\r\n                        \"$type\": \"CollectObjectsTemplateScriptAction\",\r\n                        \"Template\": {\r\n                          \"$type\": \"CollectObjectsTemplate\",\r\n                          \"TargetObjects\": [\r\n                            {\r\n                              \"Hotspot\": {\r\n                                \"Position\": \"5352.119 4009.646 132.9333\",\r\n                                \"GroundPosition\": \"0 0 0\",\r\n                                \"IsGroundPosition\": false,\r\n                                \"ContinentId\": 1116\r\n                              },\r\n                              \"Name\": \"Iron Cannon Scraps\",\r\n                              \"EntryId\": 236044\r\n                            },\r\n                            {\r\n                              \"Hotspot\": {\r\n                                \"Position\": \"5337.579 4015.546 132.1882\",\r\n                                \"GroundPosition\": \"0 0 0\",\r\n                                \"IsGroundPosition\": false,\r\n                                \"ContinentId\": 1116\r\n                              },\r\n                              \"Name\": \"Iron Cannon Scraps\",\r\n                              \"EntryId\": 236045\r\n                            },\r\n                            {\r\n                              \"Hotspot\": {\r\n                                \"Position\": \"5341.978 4011.206 132.0786\",\r\n                                \"GroundPosition\": \"0 0 0\",\r\n                                \"IsGroundPosition\": false,\r\n                                \"ContinentId\": 1116\r\n                              },\r\n                              \"Name\": \"Iron Horde Ammunition Crate\",\r\n                              \"EntryId\": 236012\r\n                            }\r\n                          ],\r\n                          \"HotspotsX\": [],\r\n                          \"Blackspots\": [],\r\n                          \"IsLoot\": true,\r\n                          \"OpeningCast\": false,\r\n                          \"NoMovement\": false,\r\n                          \"GameObjectiveIndex\": 1,\r\n                          \"RunTime\": 5.0\r\n                        },\r\n                        \"TimeLimit\": 0\r\n                      },\r\n                      {\r\n                        \"$type\": \"Wait\",\r\n                        \"Delay\": 1.0,\r\n                        \"DelayMax\": 0.0\r\n                      }\r\n                    ],\r\n                    \"IsSpecialElement\": true,\r\n                    \"SpecialElementName\": \"Do\",\r\n                    \"GroupName\": \"\"\r\n                  },\r\n                  \"Conditions\": [\r\n                    {\r\n                      \"Condition\": {\r\n                        \"$type\": \"CSharpCondition\",\r\n                        \"CSharpCode\": \"(QH.UnitFoundToLoot(236044,25) || QH.UnitFoundToLoot(236045,25) || QH.UnitFoundToLoot(236012,25)) && !IsQuestObjectiveComplete(36594,2)\"\r\n                      },\r\n                      \"IsNot\": false\r\n                    },\r\n                    {\r\n                      \"Condition\": null,\r\n                      \"IsNot\": false\r\n                    },\r\n                    {\r\n                      \"Condition\": null,\r\n                      \"IsNot\": false\r\n                    },\r\n                    {\r\n                      \"Condition\": null,\r\n                      \"IsNot\": false\r\n                    }\r\n                  ],\r\n                  \"IsNot\": false\r\n                },\r\n                {\r\n                  \"$type\": \"MoveTo\",\r\n                  \"Hotspot\": {\r\n                    \"Position\": \"5317.476 3967.159 133.0153\",\r\n                    \"GroundPosition\": \"0 0 0\",\r\n                    \"IsGroundPosition\": false,\r\n                    \"ContinentId\": 1116\r\n                  },\r\n                  \"Method\": \"Navi\"\r\n                },\r\n                {\r\n                  \"$type\": \"MoveTo\",\r\n                  \"Hotspot\": {\r\n                    \"Position\": \"5334.002 3947.196 138.2042\",\r\n                    \"GroundPosition\": \"0 0 0\",\r\n                    \"IsGroundPosition\": false,\r\n                    \"ContinentId\": 1116\r\n                  },\r\n                  \"Method\": \"Navi\"\r\n                },\r\n                {\r\n                  \"$type\": \"MoveTo\",\r\n                  \"Hotspot\": {\r\n                    \"Position\": \"5360.669 3960.659 139.6845\",\r\n                    \"GroundPosition\": \"0 0 0\",\r\n                    \"IsGroundPosition\": false,\r\n                    \"ContinentId\": 1116\r\n                  },\r\n                  \"Method\": \"Navi\"\r\n                },\r\n                {\r\n                  \"$type\": \"UseItemTemplateScriptAction\",\r\n                  \"Template\": {\r\n                    \"$type\": \"UseItemTemplate\",\r\n                    \"UseMethod\": 0,\r\n                    \"OverrideCooldown\": 0.0,\r\n                    \"OverrideCastTime\": 0.0,\r\n                    \"StayMounted\": false,\r\n                    \"MinCastRange\": 4.5,\r\n                    \"DontFilterDeadUnits\": false,\r\n                    \"UseCount\": 1,\r\n                    \"TargetUnits\": [],\r\n                    \"HotspotsX\": [],\r\n                    \"Blackspots\": [],\r\n                    \"Item\": [\r\n                      {\r\n                        \"Name\": \"Blixthraz's Tools\",\r\n                        \"EntryId\": 116645\r\n                      }\r\n                    ],\r\n                    \"BanTime\": 120.0,\r\n                    \"BanMobCombatAfterUse\": false,\r\n                    \"GameObjectiveIndex\": 1,\r\n                    \"RunTime\": 5.0\r\n                  },\r\n                  \"TimeLimit\": 0\r\n                },\r\n                {\r\n                  \"$type\": \"Wait\",\r\n                  \"Delay\": 3.0,\r\n                  \"DelayMax\": 4.0\r\n                },\r\n                {\r\n                  \"$type\": \"While\",\r\n                  \"LoopActions\": {\r\n                    \"Children\": [\r\n                      {\r\n                        \"$type\": \"CollectObjectsTemplateScriptAction\",\r\n                        \"Template\": {\r\n                          \"$type\": \"CollectObjectsTemplate\",\r\n                          \"TargetObjects\": [\r\n                            {\r\n                              \"Hotspot\": {\r\n                                \"Position\": \"5352.119 4009.646 132.9333\",\r\n                                \"GroundPosition\": \"0 0 0\",\r\n                                \"IsGroundPosition\": false,\r\n                                \"ContinentId\": 1116\r\n                              },\r\n                              \"Name\": \"Iron Cannon Scraps\",\r\n                              \"EntryId\": 236044\r\n                            },\r\n                            {\r\n                              \"Hotspot\": {\r\n                                \"Position\": \"5337.579 4015.546 132.1882\",\r\n                                \"GroundPosition\": \"0 0 0\",\r\n                                \"IsGroundPosition\": false,\r\n                                \"ContinentId\": 1116\r\n                              },\r\n                              \"Name\": \"Iron Cannon Scraps\",\r\n                              \"EntryId\": 236045\r\n                            },\r\n                            {\r\n                              \"Hotspot\": {\r\n                                \"Position\": \"5341.978 4011.206 132.0786\",\r\n                                \"GroundPosition\": \"0 0 0\",\r\n                                \"IsGroundPosition\": false,\r\n                                \"ContinentId\": 1116\r\n                              },\r\n                              \"Name\": \"Iron Horde Ammunition Crate\",\r\n                              \"EntryId\": 236012\r\n                            }\r\n                          ],\r\n                          \"HotspotsX\": [],\r\n                          \"Blackspots\": [],\r\n                          \"IsLoot\": true,\r\n                          \"OpeningCast\": false,\r\n                          \"NoMovement\": false,\r\n                          \"GameObjectiveIndex\": 1,\r\n                          \"RunTime\": 5.0\r\n                        },\r\n                        \"TimeLimit\": 0\r\n                      },\r\n                      {\r\n                        \"$type\": \"Wait\",\r\n                        \"Delay\": 1.0,\r\n                        \"DelayMax\": 0.0\r\n                      }\r\n                    ],\r\n                    \"IsSpecialElement\": true,\r\n                    \"SpecialElementName\": \"Do\",\r\n                    \"GroupName\": \"\"\r\n                  },\r\n                  \"Conditions\": [\r\n                    {\r\n                      \"Condition\": {\r\n                        \"$type\": \"CSharpCondition\",\r\n                        \"CSharpCode\": \"(QH.UnitFoundToLoot(236044,25) || QH.UnitFoundToLoot(236045,25) || QH.UnitFoundToLoot(236012,25)) && !IsQuestObjectiveComplete(36594,2)\"\r\n                      },\r\n                      \"IsNot\": false\r\n                    },\r\n                    {\r\n                      \"Condition\": null,\r\n                      \"IsNot\": false\r\n                    },\r\n                    {\r\n                      \"Condition\": null,\r\n                      \"IsNot\": false\r\n                    },\r\n                    {\r\n                      \"Condition\": null,\r\n                      \"IsNot\": false\r\n                    }\r\n                  ],\r\n                  \"IsNot\": false\r\n                }\r\n              ],\r\n              \"IsSpecialElement\": true,\r\n              \"SpecialElementName\": \"Do\",\r\n              \"GroupName\": \"\"\r\n            },\r\n            \"Conditions\": [\r\n              {\r\n                \"Condition\": {\r\n                  \"$type\": \"CSharpCondition\",\r\n                  \"CSharpCode\": \"!IsQuestObjectiveComplete(36594,2)\"\r\n                },\r\n                \"IsNot\": false\r\n              },\r\n              {\r\n                \"Condition\": null,\r\n                \"IsNot\": false\r\n              },\r\n              {\r\n                \"Condition\": null,\r\n                \"IsNot\": false\r\n              },\r\n              {\r\n                \"Condition\": null,\r\n                \"IsNot\": false\r\n              }\r\n            ],\r\n            \"IsNot\": false,\r\n            \"CheckFrequently\": true\r\n          },\r\n          {\r\n            \"$type\": \"While\",\r\n            \"LoopActions\": {\r\n              \"Children\": [\r\n                {\r\n                  \"$type\": \"KillMobsTemplateScriptAction\",\r\n                  \"Template\": {\r\n                    \"$type\": \"KillMobsTemplate\",\r\n                    \"TargetObjects\": [\r\n                      {\r\n                        \"Hotspot\": {\r\n                          \"Position\": \"5308.289 4008.333 132.8056\",\r\n                          \"GroundPosition\": \"0 0 0\",\r\n                          \"IsGroundPosition\": false,\r\n                          \"ContinentId\": 1116\r\n                        },\r\n                        \"Name\": \"Iron Cannoneer\",\r\n                        \"EntryId\": 85822\r\n                      }\r\n                    ],\r\n                    \"HotspotsX\": [\r\n                      {\r\n                        \"Position\": \"5321.888 4012.558 132.6282\",\r\n                        \"GroundPosition\": \"0 0 0\",\r\n                        \"IsGroundPosition\": false,\r\n                        \"ContinentId\": 1116\r\n                      }\r\n                    ],\r\n                    \"Blackspots\": [\r\n                      \"5356 3958 140 10\"\r\n                    ],\r\n                    \"ForceLoot\": true,\r\n                    \"ForcePullMobs\": false,\r\n                    \"GameObjectiveIndex\": 1,\r\n                    \"RunTime\": 5.0\r\n                  },\r\n                  \"TimeLimit\": 0\r\n                }\r\n              ],\r\n              \"IsSpecialElement\": true,\r\n              \"SpecialElementName\": \"Do\",\r\n              \"GroupName\": \"\"\r\n            },\r\n            \"Conditions\": [\r\n              {\r\n                \"Condition\": {\r\n                  \"$type\": \"CSharpCondition\",\r\n                  \"CSharpCode\": \"!IsQuestObjectiveComplete(36594,1)\"\r\n                },\r\n                \"IsNot\": false\r\n              },\r\n              {\r\n                \"Condition\": null,\r\n                \"IsNot\": false\r\n              },\r\n              {\r\n                \"Condition\": null,\r\n                \"IsNot\": false\r\n              },\r\n              {\r\n                \"Condition\": null,\r\n                \"IsNot\": false\r\n              }\r\n            ],\r\n            \"IsNot\": false\r\n          }\r\n        ],\r\n        \"IsSpecialElement\": true,\r\n        \"SpecialElementName\": \"Do\",\r\n        \"GroupName\": \"\"\r\n      },\r\n      \"Conditions\": [\r\n        {\r\n          \"Condition\": {\r\n            \"$type\": \"CSharpCondition\",\r\n            \"CSharpCode\": \"!IsQuestInLogAndComplete(36594)\"\r\n          },\r\n          \"IsNot\": false\r\n        },\r\n        {\r\n          \"Condition\": null,\r\n          \"IsNot\": false\r\n        },\r\n        {\r\n          \"Condition\": null,\r\n          \"IsNot\": false\r\n        },\r\n        {\r\n          \"Condition\": null,\r\n          \"IsNot\": false\r\n        }\r\n      ],\r\n      \"IsNot\": false\r\n    }\r\n  ],\r\n  \"GroupName\": \"\"\r\n}",
  "ActionOrder": 1,
  "Actions": []
}