{
  "QuestID": 36607,
  "Version": 4,
  "FactionGroup": 1,
  "CreatedOn": "2014-12-08T02:46:57.9797874Z",
  "UpdatedOn": "2015-08-07T21:57:42.4382779Z",
  "Comment": "",
  "CreatedBy": null,
  "AllowUpdates": false,
  "RecommendedLevel": 98,
  "Frequency": 1,
  "QuestStart": {
    "ObjectName": "Taskmaster Gornek",
    "EntryId": 81920,
    "AdditionalEntryIds": null,
    "ContinentId": 1116,
    "ZoneId": 6722,
    "Position": "-373.7014 2245.993 26.13117",
    "TurnInType": 0,
    "MyFaction": 1
  },
  "QuestEnd": {
    "ObjectName": "Rokhan",
    "EntryId": 78487,
    "AdditionalEntryIds": null,
    "ContinentId": 1330,
    "ZoneId": 7004,
    "Position": "5614.007 4563.16 135.1946",
    "TurnInType": 0,
    "MyFaction": 1
  },
  "ActionOrder": 1,
  "Actions": [
    {
      "$type": "UseItemTemplate",
      "UseMethod": 0,
      "OverrideCooldown": 0.0,
      "OverrideCastTime": 0.0,
      "StayMounted": false,
      "MinCastRange": 4.5,
      "DontFilterDeadUnits": false,
      "UseCount": 1,
      "TargetUnits": [],
      "HotspotsX": [],
      "Blackspots": [],
      "Item": [
        {
          "Name": "Garrison Hearthstone",
          "EntryId": 110560
        }
      ],
      "BanTime": 120.0,
      "BanMobCombatAfterUse": false,
      "GameObjectiveIndex": 1,
      "RunTime": 5.0
    }
  ]
}