{
  "QuestID": 36706,
  "Version": 17,
  "FactionGroup": 1,
  "CreatedOn": "2014-11-17T20:14:11.6920352Z",
  "UpdatedOn": "2015-10-01T02:11:29.1293057Z",
  "Comment": "",
  "CreatedBy": null,
  "AllowUpdates": false,
  "RecommendedLevel": 90,
  "Frequency": 1,
  "QuestStart": {
    "ObjectName": "Gazlowe",
    "EntryId": 78466,
    "AdditionalEntryIds": null,
    "ContinentId": 1152,
    "ZoneId": 7004,
    "Position": "5564.242 4517.042 132.0611",
    "TurnInType": 0,
    "MyFaction": 1
  },
  "QuestEnd": {
    "ObjectName": "Stomphoof",
    "EntryId": 86315,
    "AdditionalEntryIds": null,
    "ContinentId": 1116,
    "ZoneId": 7333,
    "Position": "5356.923 -3954.219 32.73362",
    "TurnInType": 0,
    "MyFaction": 1
  },
  "UseScript": true,
  "ScriptText": "{\r\n  \"Children\": [\r\n    {\r\n      \"$type\": \"LoadCSharpScript\",\r\n      \"FileName\": \"QH.cs\"\r\n    },\r\n    {\r\n      \"$type\": \"CSharpAction\",\r\n      \"CSharpCode\": \"// Initializing Instance and Injecting Custom API into Rebot\\r\\nQH.API = this;\\r\\n\"\r\n    },\r\n    {\r\n      \"$type\": \"If\",\r\n      \"ActionsFalse\": {\r\n        \"Children\": [],\r\n        \"IsSpecialElement\": true,\r\n        \"SpecialElementName\": \"Else\",\r\n        \"GroupName\": \"\"\r\n      },\r\n      \"ActionsTrue\": {\r\n        \"Children\": [\r\n          {\r\n            \"$type\": \"Wait\",\r\n            \"Delay\": 1.0,\r\n            \"DelayMax\": 0.0\r\n          },\r\n          {\r\n            \"$type\": \"Interact\",\r\n            \"Target\": {\r\n              \"Name\": \"Bron Skyhorn\",\r\n              \"EntryId\": 79407\r\n            },\r\n            \"NumOfTimes\": 0\r\n          },\r\n          {\r\n            \"$type\": \"Wait\",\r\n            \"Delay\": 1.0,\r\n            \"DelayMax\": 2.0\r\n          },\r\n          {\r\n            \"$type\": \"Comment\",\r\n            \"Text\": \"Taking Escorted Flight to Warspear!\",\r\n            \"Color\": \"64, 128, 128\"\r\n          },\r\n          {\r\n            \"$type\": \"If\",\r\n            \"ActionsFalse\": {\r\n              \"Children\": [\r\n                {\r\n                  \"$type\": \"If\",\r\n                  \"ActionsFalse\": {\r\n                    \"Children\": [\r\n                      {\r\n                        \"$type\": \"If\",\r\n                        \"ActionsFalse\": {\r\n                          \"Children\": [\r\n                            {\r\n                              \"$type\": \"If\",\r\n                              \"ActionsFalse\": {\r\n                                \"Children\": [\r\n                                  {\r\n                                    \"$type\": \"If\",\r\n                                    \"ActionsFalse\": {\r\n                                      \"Children\": [\r\n                                        {\r\n                                          \"$type\": \"If\",\r\n                                          \"ActionsFalse\": {\r\n                                            \"Children\": [\r\n                                              {\r\n                                                \"$type\": \"If\",\r\n                                                \"ActionsFalse\": {\r\n                                                  \"Children\": [\r\n                                                    {\r\n                                                      \"$type\": \"If\",\r\n                                                      \"ActionsFalse\": {\r\n                                                        \"Children\": [\r\n                                                          {\r\n                                                            \"$type\": \"If\",\r\n                                                            \"ActionsFalse\": {\r\n                                                              \"Children\": [\r\n                                                                {\r\n                                                                  \"$type\": \"If\",\r\n                                                                  \"ActionsFalse\": {\r\n                                                                    \"Children\": [],\r\n                                                                    \"IsSpecialElement\": true,\r\n                                                                    \"SpecialElementName\": \"Else\",\r\n                                                                    \"GroupName\": \"\"\r\n                                                                  },\r\n                                                                  \"ActionsTrue\": {\r\n                                                                    \"Children\": [\r\n                                                                      {\r\n                                                                        \"$type\": \"Comment\",\r\n                                                                        \"Text\": \"Matching Gossip Text With the Mainland Chinese Client...\",\r\n                                                                        \"Color\": \"64, 128, 128\"\r\n                                                                      },\r\n                                                                      {\r\n                                                                        \"$type\": \"CSharpAction\",\r\n                                                                        \"CSharpCode\": \"QH.DoGossipOnMatch(\\\"送我去阿什兰。\\\");\"\r\n                                                                      }\r\n                                                                    ],\r\n                                                                    \"IsSpecialElement\": true,\r\n                                                                    \"SpecialElementName\": \"Then\",\r\n                                                                    \"GroupName\": \"\"\r\n                                                                  },\r\n                                                                  \"Conditions\": [\r\n                                                                    {\r\n                                                                      \"Condition\": {\r\n                                                                        \"$type\": \"LuaCondition\",\r\n                                                                        \"LuaCode\": \"local locale = GetLocale()\\r\\n\\r\\nif locale == \\\"zhCN\\\" then\\r\\n\\treturn true\\r\\nelse\\r\\n\\treturn false\\r\\nend\"\r\n                                                                      },\r\n                                                                      \"IsNot\": false\r\n                                                                    },\r\n                                                                    {\r\n                                                                      \"Condition\": null,\r\n                                                                      \"IsNot\": false\r\n                                                                    },\r\n                                                                    {\r\n                                                                      \"Condition\": null,\r\n                                                                      \"IsNot\": false\r\n                                                                    },\r\n                                                                    {\r\n                                                                      \"Condition\": null,\r\n                                                                      \"IsNot\": false\r\n                                                                    }\r\n                                                                  ],\r\n                                                                  \"IsNot\": false\r\n                                                                }\r\n                                                              ],\r\n                                                              \"IsSpecialElement\": true,\r\n                                                              \"SpecialElementName\": \"Else\",\r\n                                                              \"GroupName\": \"\"\r\n                                                            },\r\n                                                            \"ActionsTrue\": {\r\n                                                              \"Children\": [\r\n                                                                {\r\n                                                                  \"$type\": \"Comment\",\r\n                                                                  \"Text\": \"Matching Gossip Text With the Taiwanese Client...\",\r\n                                                                  \"Color\": \"64, 128, 128\"\r\n                                                                },\r\n                                                                {\r\n                                                                  \"$type\": \"CSharpAction\",\r\n                                                                  \"CSharpCode\": \"QH.DoGossipOnMatch(\\\"帶我到艾斯蘭。\\\");\"\r\n                                                                }\r\n                                                              ],\r\n                                                              \"IsSpecialElement\": true,\r\n                                                              \"SpecialElementName\": \"Then\",\r\n                                                              \"GroupName\": \"\"\r\n                                                            },\r\n                                                            \"Conditions\": [\r\n                                                              {\r\n                                                                \"Condition\": {\r\n                                                                  \"$type\": \"LuaCondition\",\r\n                                                                  \"LuaCode\": \"local locale = GetLocale()\\r\\n\\r\\nif locale == \\\"zhTW\\\" then\\r\\n\\treturn true\\r\\nelse\\r\\n\\treturn false\\r\\nend\"\r\n                                                                },\r\n                                                                \"IsNot\": false\r\n                                                              },\r\n                                                              {\r\n                                                                \"Condition\": null,\r\n                                                                \"IsNot\": false\r\n                                                              },\r\n                                                              {\r\n                                                                \"Condition\": null,\r\n                                                                \"IsNot\": false\r\n                                                              },\r\n                                                              {\r\n                                                                \"Condition\": null,\r\n                                                                \"IsNot\": false\r\n                                                              }\r\n                                                            ],\r\n                                                            \"IsNot\": false\r\n                                                          }\r\n                                                        ],\r\n                                                        \"IsSpecialElement\": true,\r\n                                                        \"SpecialElementName\": \"Else\",\r\n                                                        \"GroupName\": \"\"\r\n                                                      },\r\n                                                      \"ActionsTrue\": {\r\n                                                        \"Children\": [\r\n                                                          {\r\n                                                            \"$type\": \"Comment\",\r\n                                                            \"Text\": \"Matching Gossip Text With the Korean Client...\",\r\n                                                            \"Color\": \"64, 128, 128\"\r\n                                                          },\r\n                                                          {\r\n                                                            \"$type\": \"CSharpAction\",\r\n                                                            \"CSharpCode\": \"QH.DoGossipOnMatch(\\\"아쉬란으로 보내 주십시오.\\\");\"\r\n                                                          }\r\n                                                        ],\r\n                                                        \"IsSpecialElement\": true,\r\n                                                        \"SpecialElementName\": \"Then\",\r\n                                                        \"GroupName\": \"\"\r\n                                                      },\r\n                                                      \"Conditions\": [\r\n                                                        {\r\n                                                          \"Condition\": {\r\n                                                            \"$type\": \"LuaCondition\",\r\n                                                            \"LuaCode\": \"local locale = GetLocale()\\r\\n\\r\\nif locale == \\\"koKR\\\" then\\r\\n\\treturn true\\r\\nelse\\r\\n\\treturn false\\r\\nend\"\r\n                                                          },\r\n                                                          \"IsNot\": false\r\n                                                        },\r\n                                                        {\r\n                                                          \"Condition\": null,\r\n                                                          \"IsNot\": false\r\n                                                        },\r\n                                                        {\r\n                                                          \"Condition\": null,\r\n                                                          \"IsNot\": false\r\n                                                        },\r\n                                                        {\r\n                                                          \"Condition\": null,\r\n                                                          \"IsNot\": false\r\n                                                        }\r\n                                                      ],\r\n                                                      \"IsNot\": false\r\n                                                    }\r\n                                                  ],\r\n                                                  \"IsSpecialElement\": true,\r\n                                                  \"SpecialElementName\": \"Else\",\r\n                                                  \"GroupName\": \"\"\r\n                                                },\r\n                                                \"ActionsTrue\": {\r\n                                                  \"Children\": [\r\n                                                    {\r\n                                                      \"$type\": \"Comment\",\r\n                                                      \"Text\": \"Matching Gossip Text With Spanish Clients...\",\r\n                                                      \"Color\": \"64, 128, 128\"\r\n                                                    },\r\n                                                    {\r\n                                                      \"$type\": \"CSharpAction\",\r\n                                                      \"CSharpCode\": \"QH.DoGossipOnMatch(\\\"Llévame a Ashran.\\\");\"\r\n                                                    }\r\n                                                  ],\r\n                                                  \"IsSpecialElement\": true,\r\n                                                  \"SpecialElementName\": \"Then\",\r\n                                                  \"GroupName\": \"\"\r\n                                                },\r\n                                                \"Conditions\": [\r\n                                                  {\r\n                                                    \"Condition\": {\r\n                                                      \"$type\": \"LuaCondition\",\r\n                                                      \"LuaCode\": \"local locale = GetLocale()\\r\\n\\r\\nif locale == \\\"esES\\\" or locale == \\\"esMX\\\" then\\r\\n\\treturn true\\r\\nelse\\r\\n\\treturn false\\r\\nend\"\r\n                                                    },\r\n                                                    \"IsNot\": false\r\n                                                  },\r\n                                                  {\r\n                                                    \"Condition\": null,\r\n                                                    \"IsNot\": false\r\n                                                  },\r\n                                                  {\r\n                                                    \"Condition\": null,\r\n                                                    \"IsNot\": false\r\n                                                  },\r\n                                                  {\r\n                                                    \"Condition\": null,\r\n                                                    \"IsNot\": false\r\n                                                  }\r\n                                                ],\r\n                                                \"IsNot\": false\r\n                                              }\r\n                                            ],\r\n                                            \"IsSpecialElement\": true,\r\n                                            \"SpecialElementName\": \"Else\",\r\n                                            \"GroupName\": \"\"\r\n                                          },\r\n                                          \"ActionsTrue\": {\r\n                                            \"Children\": [\r\n                                              {\r\n                                                \"$type\": \"Comment\",\r\n                                                \"Text\": \"Matching Gossip Text With Italian Client...\",\r\n                                                \"Color\": \"64, 128, 128\"\r\n                                              },\r\n                                              {\r\n                                                \"$type\": \"CSharpAction\",\r\n                                                \"CSharpCode\": \"QH.DoGossipOnMatch(\\\"Portami ad Ashran!\\\");\"\r\n                                              }\r\n                                            ],\r\n                                            \"IsSpecialElement\": true,\r\n                                            \"SpecialElementName\": \"Then\",\r\n                                            \"GroupName\": \"\"\r\n                                          },\r\n                                          \"Conditions\": [\r\n                                            {\r\n                                              \"Condition\": {\r\n                                                \"$type\": \"LuaCondition\",\r\n                                                \"LuaCode\": \"local locale = GetLocale()\\r\\n\\r\\nif locale == \\\"itIT\\\" then\\r\\n\\treturn true\\r\\nelse\\r\\n\\treturn false\\r\\nend\"\r\n                                              },\r\n                                              \"IsNot\": false\r\n                                            },\r\n                                            {\r\n                                              \"Condition\": null,\r\n                                              \"IsNot\": false\r\n                                            },\r\n                                            {\r\n                                              \"Condition\": null,\r\n                                              \"IsNot\": false\r\n                                            },\r\n                                            {\r\n                                              \"Condition\": null,\r\n                                              \"IsNot\": false\r\n                                            }\r\n                                          ],\r\n                                          \"IsNot\": false\r\n                                        }\r\n                                      ],\r\n                                      \"IsSpecialElement\": true,\r\n                                      \"SpecialElementName\": \"Else\",\r\n                                      \"GroupName\": \"\"\r\n                                    },\r\n                                    \"ActionsTrue\": {\r\n                                      \"Children\": [\r\n                                        {\r\n                                          \"$type\": \"Comment\",\r\n                                          \"Text\": \"Matching Gossip Text With Portuguese Client...\",\r\n                                          \"Color\": \"64, 128, 128\"\r\n                                        },\r\n                                        {\r\n                                          \"$type\": \"CSharpAction\",\r\n                                          \"CSharpCode\": \"QH.DoGossipOnMatch(\\\"Leve-me a Ashran.\\\");\"\r\n                                        }\r\n                                      ],\r\n                                      \"IsSpecialElement\": true,\r\n                                      \"SpecialElementName\": \"Then\",\r\n                                      \"GroupName\": \"\"\r\n                                    },\r\n                                    \"Conditions\": [\r\n                                      {\r\n                                        \"Condition\": {\r\n                                          \"$type\": \"LuaCondition\",\r\n                                          \"LuaCode\": \"local locale = GetLocale()\\r\\n\\r\\nif locale == \\\"ptBR\\\" then\\r\\n\\treturn true\\r\\nelse\\r\\n\\treturn false\\r\\nend\"\r\n                                        },\r\n                                        \"IsNot\": false\r\n                                      },\r\n                                      {\r\n                                        \"Condition\": null,\r\n                                        \"IsNot\": false\r\n                                      },\r\n                                      {\r\n                                        \"Condition\": null,\r\n                                        \"IsNot\": false\r\n                                      },\r\n                                      {\r\n                                        \"Condition\": null,\r\n                                        \"IsNot\": false\r\n                                      }\r\n                                    ],\r\n                                    \"IsNot\": false\r\n                                  }\r\n                                ],\r\n                                \"IsSpecialElement\": true,\r\n                                \"SpecialElementName\": \"Else\",\r\n                                \"GroupName\": \"\"\r\n                              },\r\n                              \"ActionsTrue\": {\r\n                                \"Children\": [\r\n                                  {\r\n                                    \"$type\": \"Comment\",\r\n                                    \"Text\": \"Matching Gossip Text With Russian Client...\",\r\n                                    \"Color\": \"64, 128, 128\"\r\n                                  },\r\n                                  {\r\n                                    \"$type\": \"CSharpAction\",\r\n                                    \"CSharpCode\": \"QH.DoGossipOnMatch(\\\"Доставь меня в Ашран.\\\");\"\r\n                                  }\r\n                                ],\r\n                                \"IsSpecialElement\": true,\r\n                                \"SpecialElementName\": \"Then\",\r\n                                \"GroupName\": \"\"\r\n                              },\r\n                              \"Conditions\": [\r\n                                {\r\n                                  \"Condition\": {\r\n                                    \"$type\": \"LuaCondition\",\r\n                                    \"LuaCode\": \"local locale = GetLocale()\\r\\n\\r\\nif locale == \\\"ruRU\\\" then\\r\\n\\treturn true\\r\\nelse\\r\\n\\treturn false\\r\\nend\"\r\n                                  },\r\n                                  \"IsNot\": false\r\n                                },\r\n                                {\r\n                                  \"Condition\": null,\r\n                                  \"IsNot\": false\r\n                                },\r\n                                {\r\n                                  \"Condition\": null,\r\n                                  \"IsNot\": false\r\n                                },\r\n                                {\r\n                                  \"Condition\": null,\r\n                                  \"IsNot\": false\r\n                                }\r\n                              ],\r\n                              \"IsNot\": false\r\n                            }\r\n                          ],\r\n                          \"IsSpecialElement\": true,\r\n                          \"SpecialElementName\": \"Else\",\r\n                          \"GroupName\": \"\"\r\n                        },\r\n                        \"ActionsTrue\": {\r\n                          \"Children\": [\r\n                            {\r\n                              \"$type\": \"Comment\",\r\n                              \"Text\": \"Matching Gossip Text With French Client...\",\r\n                              \"Color\": \"64, 128, 128\"\r\n                            },\r\n                            {\r\n                              \"$type\": \"CSharpAction\",\r\n                              \"CSharpCode\": \"QH.DoGossipOnMatch(\\\"Emmenez-moi à A’shran.\\\");\\r\\n\"\r\n                            }\r\n                          ],\r\n                          \"IsSpecialElement\": true,\r\n                          \"SpecialElementName\": \"Then\",\r\n                          \"GroupName\": \"\"\r\n                        },\r\n                        \"Conditions\": [\r\n                          {\r\n                            \"Condition\": {\r\n                              \"$type\": \"LuaCondition\",\r\n                              \"LuaCode\": \"local locale = GetLocale()\\r\\n\\r\\nif locale == \\\"frFR\\\" then\\r\\n\\treturn true\\r\\nelse\\r\\n\\treturn false\\r\\nend\"\r\n                            },\r\n                            \"IsNot\": false\r\n                          },\r\n                          {\r\n                            \"Condition\": null,\r\n                            \"IsNot\": false\r\n                          },\r\n                          {\r\n                            \"Condition\": null,\r\n                            \"IsNot\": false\r\n                          },\r\n                          {\r\n                            \"Condition\": null,\r\n                            \"IsNot\": false\r\n                          }\r\n                        ],\r\n                        \"IsNot\": false\r\n                      }\r\n                    ],\r\n                    \"IsSpecialElement\": true,\r\n                    \"SpecialElementName\": \"Else\",\r\n                    \"GroupName\": \"\"\r\n                  },\r\n                  \"ActionsTrue\": {\r\n                    \"Children\": [\r\n                      {\r\n                        \"$type\": \"Comment\",\r\n                        \"Text\": \"Matching Gossip Text With German Client...\",\r\n                        \"Color\": \"64, 128, 128\"\r\n                      },\r\n                      {\r\n                        \"$type\": \"CSharpAction\",\r\n                        \"CSharpCode\": \"QH.DoGossipOnMatch(\\\"Bringt mich nach Ashran.\\\");\"\r\n                      }\r\n                    ],\r\n                    \"IsSpecialElement\": true,\r\n                    \"SpecialElementName\": \"Then\",\r\n                    \"GroupName\": \"\"\r\n                  },\r\n                  \"Conditions\": [\r\n                    {\r\n                      \"Condition\": {\r\n                        \"$type\": \"LuaCondition\",\r\n                        \"LuaCode\": \"local locale = GetLocale()\\r\\n\\r\\nif locale == \\\"deDE\\\" then\\r\\n\\treturn true\\r\\nelse\\r\\n\\treturn false\\r\\nend\"\r\n                      },\r\n                      \"IsNot\": false\r\n                    },\r\n                    {\r\n                      \"Condition\": null,\r\n                      \"IsNot\": false\r\n                    },\r\n                    {\r\n                      \"Condition\": null,\r\n                      \"IsNot\": false\r\n                    },\r\n                    {\r\n                      \"Condition\": null,\r\n                      \"IsNot\": false\r\n                    }\r\n                  ],\r\n                  \"IsNot\": false\r\n                }\r\n              ],\r\n              \"IsSpecialElement\": true,\r\n              \"SpecialElementName\": \"Else\",\r\n              \"GroupName\": \"\"\r\n            },\r\n            \"ActionsTrue\": {\r\n              \"Children\": [\r\n                {\r\n                  \"$type\": \"Comment\",\r\n                  \"Text\": \"Matching Gossip Text With English Client...\",\r\n                  \"Color\": \"64, 128, 128\"\r\n                },\r\n                {\r\n                  \"$type\": \"CSharpAction\",\r\n                  \"CSharpCode\": \"QH.DoGossipOnMatch(\\\"Take me to Ashran.\\\");\"\r\n                }\r\n              ],\r\n              \"IsSpecialElement\": true,\r\n              \"SpecialElementName\": \"Then\",\r\n              \"GroupName\": \"\"\r\n            },\r\n            \"Conditions\": [\r\n              {\r\n                \"Condition\": {\r\n                  \"$type\": \"LuaCondition\",\r\n                  \"LuaCode\": \"local locale = GetLocale()\\r\\n\\r\\nif locale == \\\"enGB\\\" or locale == \\\"enUS\\\" then\\r\\n\\treturn true\\r\\nelse\\r\\n\\treturn false\\r\\nend\"\r\n                },\r\n                \"IsNot\": false\r\n              },\r\n              {\r\n                \"Condition\": null,\r\n                \"IsNot\": false\r\n              },\r\n              {\r\n                \"Condition\": null,\r\n                \"IsNot\": false\r\n              },\r\n              {\r\n                \"Condition\": null,\r\n                \"IsNot\": false\r\n              }\r\n            ],\r\n            \"IsNot\": false\r\n          },\r\n          {\r\n            \"$type\": \"Wait\",\r\n            \"Delay\": 2.0,\r\n            \"DelayMax\": 3.0\r\n          },\r\n          {\r\n            \"$type\": \"If\",\r\n            \"ActionsFalse\": {\r\n              \"Children\": [],\r\n              \"IsSpecialElement\": true,\r\n              \"SpecialElementName\": \"Else\",\r\n              \"GroupName\": \"\"\r\n            },\r\n            \"ActionsTrue\": {\r\n              \"Children\": [\r\n                {\r\n                  \"$type\": \"Comment\",\r\n                  \"Text\": \"Unable to Identify Correct Gossip Option. Trying First Available Option...\",\r\n                  \"Color\": \"64, 128, 128\"\r\n                },\r\n                {\r\n                  \"$type\": \"ExecuteLua\",\r\n                  \"LuaCode\": \"SelectGossipOption(2)\"\r\n                },\r\n                {\r\n                  \"$type\": \"Wait\",\r\n                  \"Delay\": 1.0,\r\n                  \"DelayMax\": 0.0\r\n                }\r\n              ],\r\n              \"IsSpecialElement\": true,\r\n              \"SpecialElementName\": \"Then\",\r\n              \"GroupName\": \"\"\r\n            },\r\n            \"Conditions\": [\r\n              {\r\n                \"Condition\": {\r\n                  \"$type\": \"CSharpCondition\",\r\n                  \"CSharpCode\": \"!Me.IsOnTaxi\"\r\n                },\r\n                \"IsNot\": false\r\n              },\r\n              {\r\n                \"Condition\": null,\r\n                \"IsNot\": false\r\n              },\r\n              {\r\n                \"Condition\": null,\r\n                \"IsNot\": false\r\n              },\r\n              {\r\n                \"Condition\": null,\r\n                \"IsNot\": false\r\n              }\r\n            ],\r\n            \"IsNot\": false\r\n          },\r\n          {\r\n            \"$type\": \"While\",\r\n            \"LoopActions\": {\r\n              \"Children\": [\r\n                {\r\n                  \"$type\": \"Wait\",\r\n                  \"Delay\": 2.0,\r\n                  \"DelayMax\": 3.0\r\n                }\r\n              ],\r\n              \"IsSpecialElement\": true,\r\n              \"SpecialElementName\": \"Do\",\r\n              \"GroupName\": \"\"\r\n            },\r\n            \"Conditions\": [\r\n              {\r\n                \"Condition\": {\r\n                  \"$type\": \"CSharpCondition\",\r\n                  \"CSharpCode\": \"Me.IsOnTaxi\"\r\n                },\r\n                \"IsNot\": false\r\n              },\r\n              {\r\n                \"Condition\": null,\r\n                \"IsNot\": false\r\n              },\r\n              {\r\n                \"Condition\": null,\r\n                \"IsNot\": false\r\n              },\r\n              {\r\n                \"Condition\": null,\r\n                \"IsNot\": false\r\n              }\r\n            ],\r\n            \"IsNot\": false\r\n          }\r\n        ],\r\n        \"IsSpecialElement\": true,\r\n        \"SpecialElementName\": \"Then\",\r\n        \"GroupName\": \"\"\r\n      },\r\n      \"Conditions\": [\r\n        {\r\n          \"Condition\": {\r\n            \"$type\": \"CSharpCondition\",\r\n            \"CSharpCode\": \"Me.ZoneId != 7333\"\r\n          },\r\n          \"IsNot\": false\r\n        },\r\n        {\r\n          \"Condition\": null,\r\n          \"IsNot\": false\r\n        },\r\n        {\r\n          \"Condition\": null,\r\n          \"IsNot\": false\r\n        },\r\n        {\r\n          \"Condition\": null,\r\n          \"IsNot\": false\r\n        }\r\n      ],\r\n      \"IsNot\": false\r\n    }\r\n  ],\r\n  \"GroupName\": \"\"\r\n}",
  "ActionOrder": 0,
  "Actions": []
}