{
  "QuestID": 36812,
  "Version": 3,
  "FactionGroup": 1,
  "CreatedOn": "2014-11-21T00:43:17.3025886Z",
  "UpdatedOn": "2015-08-07T09:43:35.9647228Z",
  "Comment": "",
  "CreatedBy": null,
  "AllowUpdates": false,
  "QuestStart": {
    "ObjectName": "Penny Clobberbottom",
    "EntryId": 85077,
    "AdditionalEntryIds": null,
    "ContinentId": 1116,
    "ZoneId": 6721,
    "Position": "5793.926 1275.813 109.2717",
    "TurnInType": 0,
    "IsIndoors": true,
    "MyFaction": 0
  },
  "ActionOrder": 1,
  "Actions": []
}