{
  "QuestID": 36862,
  "Version": 9,
  "FactionGroup": 1,
  "CreatedOn": "2015-04-21T01:03:52.1436118Z",
  "UpdatedOn": "2015-08-07T10:05:26.7539118Z",
  "Comment": "",
  "CreatedBy": null,
  "RecommendedLevel": 97,
  "Frequency": 1,
  "QuestStart": {
    "ObjectName": "Murla Longeye",
    "EntryId": 86614,
    "AdditionalEntryIds": null,
    "ContinentId": 1116,
    "ZoneId": 7004,
    "Position": "5599.463 4557.173 133.2455",
    "TurnInType": 0,
    "MyFaction": 1
  },
  "QuestEnd": {
    "ObjectName": "Kimzee Pinchwhistle",
    "EntryId": 81109,
    "AdditionalEntryIds": null,
    "ContinentId": 1116,
    "ZoneId": 6722,
    "Position": "-1562.99 955.6893 8.192603",
    "TurnInType": 0,
    "MyFaction": 1
  },
  "UseScript": true,
  "ScriptText": "{\r\n  \"Children\": [\r\n    {\r\n      \"$type\": \"If\",\r\n      \"ActionsFalse\": {\r\n        \"Children\": [\r\n          {\r\n            \"$type\": \"MoveTo\",\r\n            \"Hotspot\": {\r\n              \"Position\": \"-1576.257 993.5556 8.089675\",\r\n              \"GroundPosition\": \"0 0 0\",\r\n              \"IsGroundPosition\": false,\r\n              \"ContinentId\": 1116\r\n            },\r\n            \"Method\": \"Navi\"\r\n          }\r\n        ],\r\n        \"IsSpecialElement\": true,\r\n        \"SpecialElementName\": \"Else\",\r\n        \"GroupName\": \"\"\r\n      },\r\n      \"ActionsTrue\": {\r\n        \"Children\": [\r\n          {\r\n            \"$type\": \"If\",\r\n            \"ActionsFalse\": {\r\n              \"Children\": [],\r\n              \"IsSpecialElement\": true,\r\n              \"SpecialElementName\": \"Else\",\r\n              \"GroupName\": \"\"\r\n            },\r\n            \"ActionsTrue\": {\r\n              \"Children\": [\r\n                {\r\n                  \"$type\": \"If\",\r\n                  \"ActionsFalse\": {\r\n                    \"Children\": [],\r\n                    \"IsSpecialElement\": true,\r\n                    \"SpecialElementName\": \"Else\",\r\n                    \"GroupName\": \"\"\r\n                  },\r\n                  \"ActionsTrue\": {\r\n                    \"Children\": [\r\n                      {\r\n                        \"$type\": \"UseHearthstone\",\r\n                        \"WantedZoneId\": 0,\r\n                        \"UseGarrisonHS\": true\r\n                      },\r\n                      {\r\n                        \"$type\": \"While\",\r\n                        \"LoopActions\": {\r\n                          \"Children\": [\r\n                            {\r\n                              \"$type\": \"Wait\",\r\n                              \"Delay\": 1.0,\r\n                              \"DelayMax\": 0.0\r\n                            }\r\n                          ],\r\n                          \"IsSpecialElement\": true,\r\n                          \"SpecialElementName\": \"Do\",\r\n                          \"GroupName\": \"\"\r\n                        },\r\n                        \"Condition\": {\r\n                          \"$type\": \"PlayerCondition\",\r\n                          \"Property\": \"IsInGarrison\"\r\n                        },\r\n                        \"IsNot\": true\r\n                      }\r\n                    ],\r\n                    \"IsSpecialElement\": true,\r\n                    \"SpecialElementName\": \"Then\",\r\n                    \"GroupName\": \"\"\r\n                  },\r\n                  \"Condition\": {\r\n                    \"$type\": \"CSharpCondition\",\r\n                    \"CSharpCode\": \"ItemCooldown(110560) == 0\"\r\n                  },\r\n                  \"IsNot\": false\r\n                }\r\n              ],\r\n              \"IsSpecialElement\": true,\r\n              \"SpecialElementName\": \"Then\",\r\n              \"GroupName\": \"\"\r\n            },\r\n            \"Condition\": {\r\n              \"$type\": \"PlayerCondition\",\r\n              \"Property\": \"IsInGarrison\"\r\n            },\r\n            \"IsNot\": true\r\n          },\r\n          {\r\n            \"$type\": \"If\",\r\n            \"ActionsFalse\": {\r\n              \"Children\": [],\r\n              \"IsSpecialElement\": true,\r\n              \"SpecialElementName\": \"Else\",\r\n              \"GroupName\": \"\"\r\n            },\r\n            \"ActionsTrue\": {\r\n              \"Children\": [\r\n                {\r\n                  \"$type\": \"MoveTo\",\r\n                  \"Hotspot\": {\r\n                    \"Position\": \"5580.669 4566.753 136.3956\",\r\n                    \"GroundPosition\": \"0 0 0\",\r\n                    \"IsGroundPosition\": false,\r\n                    \"ContinentId\": 1330\r\n                  },\r\n                  \"Method\": \"Navi\"\r\n                },\r\n                {\r\n                  \"$type\": \"Interact\",\r\n                  \"Target\": {\r\n                    \"Name\": \"Bron Skyhorn\",\r\n                    \"EntryId\": 79407\r\n                  },\r\n                  \"NumOfTimes\": 0\r\n                },\r\n                {\r\n                  \"$type\": \"Wait\",\r\n                  \"Delay\": 2.0,\r\n                  \"DelayMax\": 3.0\r\n                },\r\n                {\r\n                  \"$type\": \"Comment\",\r\n                  \"Text\": \"Taking Escorted Flight to Pinchwhistle Gearworks!\",\r\n                  \"Color\": \"64, 128, 128\"\r\n                },\r\n                {\r\n                  \"$type\": \"ExecuteLua\",\r\n                  \"LuaCode\": \"index = 0\\r\\n\\nquest = \\\"I'm responding to the Steamwheedle call for help. Take me to the Spires of Arak.\\\"\\r\\n\\ntitle1,_,title2,_,title3,_,title4,_,title5,_,title6,_ = GetGossipOptions();\\r\\n\\n\\r\\nif (title1 == quest ) then\\n\\t\\r\\n\\tindex = 1;\\n\\t\\r\\nelseif (title2 == quest) then\\n\\r\\n\\tindex = 2;\\r\\n\\nelseif (title3 == quest) then\\r\\n\\n\\tindex = 3;\\n\\t\\r\\nelseif (title4 == quest) then\\n\\r\\n\\tindex = 4\\n;\\r\\nelseif (title5 == quest) then\\r\\n\\n\\tindex = 5;\\r\\n\\nelseif (title6 == quest) then\\r\\n\\n\\tindex = 6;\\r\\nelse\\n\\t\\r\\n\\tprint(\\\"Unable to Locate Gossip Option\\\");\\r\\n\\nend\\r\\n\\n\\r\\nprint(\\\"Flightmaster Selection for \\\\\\\"Pinchwhistle Gearworks\\\\\\\" at Gossip Option \\\" .. index .. \\\".\\\");\\r\\n\\r\\nSelectGossipOption(index);\"\r\n                },\r\n                {\r\n                  \"$type\": \"CSharpAction\",\r\n                  \"CSharpCode\": \"int destination = ExecuteLua<int>(\\\"return index;\\\");\\r\\n\\r\\nPrint(\\\"Flightmaster Selection for quest \\\\\\\"Pinchwhistle Gearworks\\\\\\\" at Gossip Option \\\" + destination);\\r\\n\"\r\n                },\r\n                {\r\n                  \"$type\": \"Wait\",\r\n                  \"Delay\": 1.0,\r\n                  \"DelayMax\": 0.0\r\n                }\r\n              ],\r\n              \"IsSpecialElement\": true,\r\n              \"SpecialElementName\": \"Then\",\r\n              \"GroupName\": \"\"\r\n            },\r\n            \"Condition\": {\r\n              \"$type\": \"PlayerCondition\",\r\n              \"Property\": \"IsInGarrison\"\r\n            },\r\n            \"IsNot\": false\r\n          }\r\n        ],\r\n        \"IsSpecialElement\": true,\r\n        \"SpecialElementName\": \"Then\",\r\n        \"GroupName\": \"\"\r\n      },\r\n      \"Condition\": {\r\n        \"$type\": \"PlayerCondition\",\r\n        \"Property\": \"IsInZone\",\r\n        \"Parameter\": \"6722\"\r\n      },\r\n      \"IsNot\": true\r\n    },\r\n    {\r\n      \"$type\": \"While\",\r\n      \"LoopActions\": {\r\n        \"Children\": [\r\n          {\r\n            \"$type\": \"Wait\",\r\n            \"Delay\": 1.0,\r\n            \"DelayMax\": 2.0\r\n          }\r\n        ],\r\n        \"IsSpecialElement\": true,\r\n        \"SpecialElementName\": \"Do\",\r\n        \"GroupName\": \"\"\r\n      },\r\n      \"Condition\": {\r\n        \"$type\": \"CSharpCondition\",\r\n        \"CSharpCode\": \"Me.IsOnTaxi\"\r\n      },\r\n      \"IsNot\": false\r\n    }\r\n  ],\r\n  \"GroupName\": \"\"\r\n}",
  "ActionOrder": 1,
  "Actions": []
}