{
  "QuestID": 37330,
  "Version": 2,
  "FactionGroup": 1,
  "CreatedOn": "2015-08-07T21:35:54.5937051Z",
  "UpdatedOn": "2015-08-07T21:35:56.6495566Z",
  "Comment": "",
  "CreatedBy": null,
  "AllowUpdates": false,
  "RecommendedLevel": 96,
  "Frequency": 1,
  "QuestStart": {
    "ObjectName": "Dusk-Seer Irizzar",
    "EntryId": 83463,
    "AdditionalEntryIds": null,
    "ContinentId": 1116,
    "ZoneId": 6722,
    "Position": "-592.6059 2020.816 15.62253",
    "TurnInType": 0,
    "MyFaction": 1
  },
  "QuestEnd": {
    "ObjectName": "Taskmaster Gornek",
    "EntryId": 81920,
    "AdditionalEntryIds": null,
    "ContinentId": 1116,
    "ZoneId": 6722,
    "Position": "-373.7014 2245.993 26.13117",
    "TurnInType": 0,
    "MyFaction": 1
  },
  "ActionOrder": 1,
  "Actions": []
}